Date,Gross Revenue,Net Sales,Orders,Units,Customized Units,Re-fulfilled Units,COGS,Packaging Materials,Product Cost,Discounts,Shipping,Taxes,Other Adjustments,Transactions,New Customers,Repeat Customers,Returns,Inventory Returns,Refulfilled Return Units
2016-01-01,2838.154,2772.034,15,17,1,0,1692.6377360000001,42.5,1284.64875,-211.2,322.5,0,0,15,10,0,0,0,0
2016-01-02,3242.52,3325.91,18,19,3,0,1847.70764,47.5,1346.55625,-112,399,0,0,18,13,0,0,0,0
2016-01-03,2772.714,2738.178,14,18,0,0,1642.867162,45,1247.6,-174,310.46,0,0,14,9,0,0,0,0
2016-01-04,2765.536,2833.926,13,17,1,0,1554.6876166262628,42.5,1182.2237626262627,-68.5,285.18,0,0,13,8,1,0,0,0
2016-01-05,3054.0638,3076.7018,18,18,3,0,1908.1243522,45,1394.5,-154.5,419,0,0,18,7,1,0,0,0
2016-01-06,3386.3644,3291.9444,20,21,5,0,1947.9638876,52.5,1396.9675,-298,449.23,0,0,20,12,0,0,0,0
2016-01-07,3814.3012000000003,3719.0492,20,22,6,0,2095.9311894262623,55,1501.4787626262626,-311,480,0,0,20,7,1,0,0,0
2016-01-08,2835.3786,2799.2426,16,17,3,0,1764.7042980262624,42.5,1330.4262626262625,-199,348,0,0,16,12,0,0,0,0
2016-01-09,4137.722,4238.128,21,24,2,0,2299.8920597712363,60,1699.2863477712363,-123.99999999999997,470.5,0,0,21,13,2,0,0,0
2016-01-10,4638.5766,4570.7406,25,27,6,0,2590.728392896428,67.5,1873.8969154964277,-335.99999999999994,576.18,0,0,25,13,1,0,0,0
2016-01-11,7700.3432,7705.1232,36,46,4,0,4352.182975670165,115,3274.574402870165,-386,840.36,0,0,36,24,0,0,0,0
2016-01-12,5660.7086,5617.7326,27,33,6,0,3073.043641951724,82.5,2307.389396551724,-319.33000000000004,592.84,0,0,27,22,0,0,0,0
2016-01-13,5534.9532,5668.3912,27,34,5,0,3154.4653465245624,85,2348.4720017245627,-149,631.4099999999999,0,0,27,17,1,0,0,0
2016-01-14,4782.4398,4856.5458,22,27,8,0,2589.4511034525253,67.5,1957.1512752525252,-162,483.36,0,0,22,15,2,0,0,0
2016-01-15,4394.9184000000005,4391.0984,23,26,7,0,2497.0074938439025,65,1855.3656402439024,-242.5,506.5,0,0,23,18,0,0,0,0
2016-01-16,3916.652,3948.87,20,23,3,0,2270.6403702439025,57.5,1685.5431402439024,-183.53,463.67999999999995,0,0,20,11,1,0,0,0
2016-01-17,4567.6612000000005,4696.3171999999995,25,26,4,0,2634.6057114262626,65,1915.7525126262626,-142.55,574.86,0,0,25,13,0,0,0,0
2016-01-18,7441.4186,7552.922599999999,38,44,7,0,4262.072359489677,110,3172.157604089677,-293.55,857.68,0,0,38,22,2,0,0,0
2016-01-19,4715.2732,4774.5432,27,29,7,0,2876.9892654262626,72.5,2115.2875126262625,-211,614.54,0,0,27,16,0,0,0,0
2016-01-20,5476.8952,5682.4332,30,32,5,0,3117.946838052525,80,2277.5162752525252,-112,666.04,0,0,30,15,4,0,0,0
2016-01-21,6186.79,6278.78,31,36,2,0,3509.474022870165,90,2610.049402870165,-255.5,706.54,0,0,31,20,0,0,0,0
2016-01-22,4723.08,4853.51,25,27,4,0,2628.634942870165,67.5,1936.523152870165,-131.65,543.26,0,0,25,18,0,0,0,0
2016-01-23,4925.0326000000005,5020.3806,23,29,4,0,2767.2036236281347,72.5,2080.932586228135,-155.5,531.98,0,0,23,13,0,0,0,0
2016-01-24,7123.3352,7141.4151999999995,35,42,8,0,3885.5242609535967,105,2918.9632201535965,-361,746.86,0,0,35,23,3,0,0,0
2016-01-25,6050.774,6105.044,32,36,4,0,3474.127002472037,90,2585.5807264720374,-304.92,700.6999999999999,0,0,32,20,0,0,0,0
2016-01-26,5050.5532,5125.695200000001,24,29,5,0,2711.112063670165,72.5,2026.846902870165,-193.48999999999998,526.92,0,0,24,13,0,0,0,0
2016-01-27,4905.6832,4949.5872,26,28,2,0,2883.236478926263,70,2188.0584501262624,-220.75,543.24,0,0,26,19,0,0,0,0
2016-01-28,4528.5566,4480.6466,22,26,4,0,2362.096264026263,65,1763.7175126262625,-278.4,460.64,0,0,22,16,0,0,0,0
2016-01-29,3068.686,3161.918,17,17,3,0,1638.1537622439025,42.5,1180.2981402439025,-93.5,361.06,0,0,17,10,0,0,0,0
2016-01-30,7747.921200000001,7790.6752,41,44,7,0,4197.910861287804,110,3099.821280487805,-374,858.96,0,0,41,27,0,0,0,0
2016-01-31,14336.3452,14400.6672,73,82,16,0,7893.525241409867,205,5909.465892609866,-758.89,1541.84,0,0,73,45,3,0,0,0
2016-02-01,4910.27,4735.294000000001,18,21,1,0,2002.510064248337,52.5,1454.526538248337,-186.676,404.36,0,0,18,8,1,0,0,0
2016-02-02,4273.9626,4189.0626,15,18,3,0,1689.0959619517241,45,1244.953146551724,-84.9,317.26,0,0,15,12,0,0,0,0
2016-02-03,3969.53,3758.637999999999,13,16,1,0,1530.5673922439025,40,1128.0868902439024,-210.892,288.68,0,0,13,7,1,0,0,0
2016-02-04,4844.8726,4614.6306,17,20,2,0,1944.242433951724,50,1435.338146551724,-238.9,369.08,0,0,17,11,0,0,0,0
2016-02-05,2647.9700000000003,2572.07,8,11,3,0,986.8082627586206,27.5,736.1382327586206,-75.9,172.78,0,0,8,7,0,0,0,0
2016-02-06,3544.64,3451.14,13,15,0,0,1422.2149565517238,37.5,1023.731896551724,-93.5,293.9,0,0,13,6,0,0,0,0
2016-02-07,3100.3426,2970.6926,12,13,2,0,1265.2288354,32.5,926.33875,-129.65,248.84,0,0,12,9,0,0,0,0
2016-02-08,6124.7426,5862.0966,22,25,4,0,2535.415216896428,62.5,1873.5944154964277,-274.346,484.32,0,0,22,12,0,0,0,0
2016-02-09,5573.64,5332.121,22,23,4,0,2164.7008992439023,57.5,1539.0693902439025,-241.519,464.1,0,0,22,14,0,0,0,0
2016-02-10,6924.81,6658.76,25,29,1,0,2775.8393803701647,72.5,2027.5853403701649,-266.05,546.45,0,0,25,13,0,0,0,0
2016-02-11,5241.3826,4989.0326000000005,19,21,3,0,2089.8669580262626,52.5,1516.6650126262625,-252.35,422.22,0,0,19,9,0,0,0,0
2016-02-12,5947.72,5622.974,20,24,4,0,2269.596258626263,60,1663.3700126262627,-324.746,435.96000000000004,0,0,20,13,0,0,0,0
2016-02-13,5776.9452,5605.6492,24,26,5,0,2519.383913432218,65,1837.220086632218,-218.096,511.8,0,0,24,15,0,0,0,0
2016-02-14,7789.32,7379.824,28,32,3,0,3049.2955856657914,80,2207.1606896657913,-409.496,618.52,0,0,28,15,0,0,0,0
2016-02-15,11528.36,10927.314,40,49,4,0,4483.492758870165,122.5,3309.760652870165,-601.046,842.14,0,0,40,23,0,0,0,0
2016-02-16,10581.1826,10389.4726,33,44,7,0,4036.9997415271678,110,2985.2850361271676,-191.71,737.22,0,0,33,16,3,0,0,0
2016-02-17,8372.4,7999.55,32,36,4,0,3313.367022254335,90,2387.540072254335,-372.85,683.04,0,0,32,21,0,0,0,0
2016-02-18,8927.7852,8561.739199999998,29,36,5,0,3342.7717845712364,90,2447.051347771236,-366.046,636.63,0,0,29,19,0,0,0,0
2016-02-19,2347.46,2293.96,9,9,0,0,877.04859,22.5,621.52375,-53.5,186.3,0,0,9,6,0,0,0,0
2016-02-20,8397.2026,7932.2026,32,36,7,0,3358.332686779693,90,2449.678811379693,-476.7,667.82,0,0,32,22,1,0,0,0
2016-02-21,11091.72,10780.67,37,45,9,0,4336.632661432322,112.5,3182.6532314323217,-311.05,827.84,0,0,37,20,0,0,0,0
2016-02-22,12018.1878,11543.3378,41,50,9,0,4864.229516062163,125,3576.672719862163,-486.55,937.8000000000001,0,0,41,17,1,0,0,0
2016-02-23,12664.160000000002,12254.01,40,51,12,0,4778.163830496428,127.5,3518.8775404964276,-410.15,888.62,0,0,40,18,0,0,0,0
2016-02-24,12784.64,12225.44,49,52,5,0,5006.634144302487,130,3592.456384302487,-559.2,1044.04,0,0,49,26,0,0,0,0
2016-02-25,8663.8926,8237.3666,30,36,6,0,3341.3650637874584,90,2447.881432387458,-438.226,643.8000000000001,0,0,30,20,0,0,0,0
2016-02-26,7622.9126,7404.3066,29,32,5,0,3037.6087511290402,80,2188.44385972904,-218.606,624.84,0,0,29,15,0,0,0,0
2016-02-27,8586.4452,8118.8432,34,35,8,0,3369.2108891796925,87.5,2403.6244363796927,-467.602,719.64,0,0,34,18,2,0,0,0
2016-02-28,13788.342600000002,13434.476600000002,47,58,3,0,5351.235051732722,145,3903.115230332722,-353.866,1041.1200000000001,0,0,47,27,0,0,0,0
2016-02-29,20087.51,19469.260000000002,68,85,11,0,8016.701209761196,212.5,5901.842669761196,-618.25,1524.75,0,0,68,37,0,0,0,0
2016-03-01,15195.6726,14683.7966,53,63,3,0,5971.142059331418,157.5,4371.061957931417,-511.876,1155.3500000000001,0,0,53,30,0,0,0,0
2016-03-02,14129.279999999999,13778.28,54,61,10,0,5704.765230801582,152.5,4107.585110801582,-351,1179.31,0,0,54,28,1,0,0,0
2016-03-03,15175.47,14667.42,52,63,11,0,5746.694637527334,157.5,4196.5194575273335,-508.05,1105.92,0,0,52,36,1,0,0,0
2016-03-04,7848.97,7639.104,32,32,8,0,3045.4672049973324,80,2152.6131889973326,-209.86599999999999,661.72,0,0,32,20,1,0,0,0
2016-03-05,14586.4,14064.314,49,61,4,0,5740.360154753431,152.5,4255.1550487534305,-522.086,1059.04,0,0,49,33,0,0,0,0
2016-03-06,20039.6126,19361.2126,71,83,16,0,7685.808485921185,207.5,5578.273320521185,-678.4,1521.16,0,0,71,42,1,0,0,0
2016-03-07,24002.13,23175.83,84,102,9,0,9531.942021022633,255,7015.192951022633,-826.3,1814.0500000000002,0,0,84,50,3,0,0,0
2016-03-08,21564.2752,20753.7592,75,89,14,0,8440.722244333961,222.5,6209.6932275339605,-810.516,1602.47,0,0,75,43,2,0,0,0
2016-03-09,14652.13,14130.084,55,60,6,0,5744.722263359551,152.5,4153.8498273595505,-522.046,1162.8,0,0,55,35,2,0,0,0
2016-03-10,18112.462599999995,17500.412599999996,62,76,15,0,7135.999654769049,190,5279.541022702382,-587.05,1326.1466666666668,0,-25,62,37,2,0,0,0
2016-03-11,9337.3826,8981.6326,31,38,4,0,3593.1836315271676,95,2648.5562861271674,-355.75,672.76,0,0,31,19,1,0,0,0
2016-03-12,18172.32,17829.82,62,74,8,0,6849.0712627315625,185,4968.816482731563,-342.5,1340.9900000000002,0,0,62,38,0,0,0,0
2016-03-13,27268.9626,26484.0906,96,112,17,0,10654.119500707868,280,7790.910873307868,-759.8719999999998,2061.57,0,-25,96,59,3,0,0,0
2016-03-14,22599.160000000003,22013.944,80,95,9,0,8858.83703688131,237.5,6479.192660881311,-585.216,1712.74,0,0,80,50,1,0,0,0
2016-03-15,22973.25,22491.800000000003,80,96,16,0,8906.073108859497,240,6512.270908859496,-481.45,1712.74,0,0,80,51,1,0,0,0
2016-03-16,20863.5326,20383.9326,74,88,12,0,8138.331716508733,220,5952.287671108733,-479.6,1568.51,0,0,74,48,3,0,0,0
2016-03-17,20653.29,20160.162,73,83,13,0,7967.008834186932,207.5,5756.099136186933,-493.128,1601.3650000000002,0,0,73,39,1,0,0,0
2016-03-18,7734.775199999999,7497.475199999999,29,33,4,0,3083.8818169271676,82.5,2222.9550361271677,-237.3,633.6,0,0,29,17,0,0,0,0
2016-03-19,15423.66,14927.26,56,66,8,0,6176.212605908837,165,4523.302065908837,-496.4,1200.22,0,0,56,37,0,0,0,0
2016-03-20,21758.6726,21241.0226,80,89,20,0,8337.67855688495,222.5,5970.798901484951,-517.65,1724.19,0,0,80,48,2,0,0,0
2016-03-21,23257.0826,22501.9496,86,98,18,0,9160.402983055166,245,6647.206444655166,-755.133,1831.24,0,0,86,51,7,0,0,0
2016-03-22,23838.219999999998,23116.47,82,99,15,0,9318.890136344391,247.5,6804.017506344391,-721.7499999999999,1814.795,0,0,82,47,0,0,0,0
2016-03-23,21836.7352,20962.0952,76,90,21,0,8529.566808412284,225,6194.286047612284,-874.64,1700.3799999999999,0,0,76,44,2,0,0,0
2016-03-24,14231.5678,13666.3418,52,59,9,0,5680.774070003392,147.5,4110.810157803392,-565.226,1155.94,0,0,52,30,0,0,0,0
2016-03-25,24482.332599999998,23834.1406,86,99,12,0,9419.10292244037,247.5,6857.70284504037,-648.192,1840.51,0,0,86,58,2,0,0,0
2016-03-26,13739.349999999999,13161.699999999999,49,57,8,0,5375.866565316709,142.5,3918.243931983375,-577.65,1058.8333333333333,0,0,49,34,0,0,0,0
2016-03-27,24593.31,23850.81,85,102,16,0,9599.814244933226,255,7028.815754933227,-742.5,1848.7250000000001,0,0,85,56,3,0,0,0
2016-03-28,26947.1952,25883.5332,97,112,8,0,10456.528741812272,280,7587.596279012271,-1063.662,2084.71,0,0,97,63,2,0,0,0
2016-03-29,32359.0252,31511.2992,103,132,13,0,12365.107152229095,330,9130.981142095761,-847.726,2280.6983333333337,0,0,103,62,6,0,0,0
2016-03-30,30184.8978,29234.6458,105,127,23,0,11657.753070631465,317.5,8471.408342431465,-950.252,2300.44,0,0,105,65,4,0,0,0
2016-03-31,27635.4478,26757.2678,100,115,19,0,10808.192288389255,290,7866.496522189256,-878.18,2130.935,0,0,100,72,2,0,0,0
2016-04-01,22917.44,22186.94,65,92,13,0,8599.132325625304,230,6494.871065625303,-730.5,1433.24,0,0,65,40,3,0,0,0
2016-04-02,24862.8204,23993.292400000002,86,102,21,0,9626.244710649638,255,7058.859231049639,-869.528,1840.9800000000002,0,0,86,58,3,0,0,0
2016-04-03,41582.4326,40211.567599999995,135,168,25,0,15709.194738142645,420,11414.319277742645,-1370.865,3078.34,0,0,135,74,0,0,0,0
2016-04-04,37732.6426,36554.0426,124,154,22,0,14536.596433220384,385,10685.139197820383,-1178.6,2745.19,0,0,124,79,1,0,0,0
2016-04-05,42543.7026,40992.5606,146,176,26,0,16874.384628747113,442.5,12417.785371347114,-1551.142,3214.715,0,0,146,90,4,0,0,0
2016-04-06,35072.3252,34194.8752,117,144,26,0,13512.901339496499,360,9857.094958696498,-877.45,2620.955,0,0,117,68,2,0,0,0
2016-04-07,33982.33,32686.63,118,141,22,0,13155.576754527227,352.5,9567.334484527226,-1295.7,2598.03,0,0,118,72,4,0,0,0
2016-04-08,19672.1526,18757.2166,70,82,16,0,7695.284353654336,205,5621.6250722543355,-914.936,1505.1,0,0,70,47,1,0,0,0
2016-04-09,25869.66,25150.86,86,106,16,0,10059.755916616523,267.5,7385.839309949856,-718.8,1912.4416666666668,0,0,86,55,3,0,0,0
2016-04-10,57715.21,55611.118,194,240,17,0,22459.422311835184,600,16429.409889835184,-2104.092,4345.29,0,0,194,111,6,0,0,0
2016-04-11,44753.549999999996,43246.7,149,187,26,0,17136.994967780956,467.5,12553.445667780956,-1506.85,3273.2950000000005,0,0,149,100,5,0,0,0
2016-04-12,44155.8452,42320.7952,153,181,21,0,17039.048197504075,452.5,12381.465136704077,-1835.05,3375.98,0,0,153,103,3,0,0,0
2016-04-13,33585.73,32355.288,124,141,16,0,13350.03814474728,352.5,9659.53479274728,-1230.442,2709.9,0,0,124,76,2,0,0,0
2016-04-14,36349.92,34746.726,126,151,20,0,14296.036017516664,377.5,10446.130963516664,-1603.194,2796.9500000000003,0,0,126,86,4,0,0,0
2016-04-15,19603.9652,19040.015199999998,66,82,7,0,7711.487979713653,205,5649.157538913653,-563.9499999999999,1485.57,0,0,66,44,1,0,0,0
2016-04-16,23277.3078,22329.7898,80,97,13,0,8956.061130464539,242.5,6516.807226264538,-947.518,1762.59,0,0,80,59,3,0,0,0
2016-04-17,48121.86,46769.51,162,201,18,0,19061.560774331327,502.5,13797.174984331326,-1352.35,3847.77,0,0,162,101,2,0,0,0
2016-04-18,38921.5726,37676.2226,132,157,21,0,15466.296552517573,392.5,11030.076097117573,-1245.3500000000001,3296.5099999999998,0,0,132,83,2,0,0,0
2016-04-19,39652.7426,38189.3746,132,164,14,0,15807.220676133595,410,11333.148812733596,-1463.368,3317.38,0,0,132,79,5,0,0,0
2016-04-20,33373.6352,31903.7492,117,140,19,0,13682.979717795315,350,9654.910990995315,-1469.886,3060.8599999999997,0,0,117,71,2,0,0,0
2016-04-21,35188.3326,34056.3326,120,148,15,0,14197.699824271811,370,9979.48617887181,-1132,3186.18,0,0,120,73,4,0,0,0
2016-04-22,21970.2826,21161.0826,77,92,12,0,9159.101574153472,230,6471.710178753472,-809.2,2046.12,0,0,77,51,0,0,0,0
2016-04-23,25989.6726,24932.4676,91,106,13,0,10607.68233669801,265,7439.19077629801,-1057.205,2413.65,0,0,91,67,1,0,0,0
2016-04-24,39722.775200000004,38582.9332,138,165,24,0,16190.138606380966,412.5,11300.953543580965,-1139.842,3720.7799999999997,0,0,138,88,4,0,0,0
2016-04-25,41802.81,40394.81,144,172,19,0,16844.27422246137,432.5,11709.594732461368,-1408,3911.33,0,0,144,96,2,0,0,0
2016-04-26,36452.2326,35210.6326,127,151,22,0,14872.609223604926,380,10395.910878204926,-1241.6,3409.99,0,0,127,84,7,0,0,0
2016-04-27,32485.9352,31190.1352,113,135,30,0,13110.551221698384,337.5,9142.177300898384,-1295.8,3023.3599999999997,0,0,113,77,5,0,0,0
2016-04-28,32007.339999999997,30737.19,115,135,12,0,13343.451826943701,337.5,9323.773316943702,-1281.85,3087.7999999999997,0,0,115,71,8,0,0,0
2016-04-29,23255.2426,22331.1926,88,95,11,0,9690.34055632723,237.5,6698.875970927229,-924.05,2315.36,0,0,88,61,3,0,0,0
2016-04-30,25762.405199999997,24593.2552,88,103,13,0,10544.290921311202,257.5,7429.826520511201,-1169.15,2370.36,0,0,88,56,5,0,0,0
2016-05-01,39861.49,37900.14,129,163,21,0,15989.81749203845,407.5,11337.933432038451,-1961.35,3503.8799999999997,0,0,129,83,6,0,0,0
2016-05-02,37941.54,36211.045,136,156,14,0,15348.444077328832,390,10603.043772328832,-1730.4950000000001,3648.48,0,0,136,86,4,0,0,0
2016-05-03,40722.8952,38934.427200000006,136,167,24,0,16512.593017404608,417.5,11645.694628604608,-1788.4679999999998,3687.7,0,0,136,85,5,0,0,0
2016-05-04,32247.02,30720.362,112,133,13,0,13252.485885485978,332.5,9243.055387485978,-1526.658,3078.64,0,0,112,68,2,0,0,0
2016-05-05,29720.5852,28418.2572,102,124,20,0,12265.07713943584,310,8627.307680635839,-1302.328,2776.44,0,0,102,65,1,0,0,0
2016-05-06,12427.43,11712.28,46,51,4,0,5209.584994106922,127.5,3652.5088741069226,-715.15,1202.12,0,0,46,35,1,0,0,0
2016-05-07,16739.2152,15818.865199999997,52,68,11,0,6660.966247162655,170,4761.379156362655,-920.35,1420.44,0,0,52,31,3,0,0,0
2016-05-08,30020.2152,28677.156199999998,92,121,18,0,11817.183496232487,302.5,8425.005966432487,-1343.059,2524.24,0,0,92,60,2,0,0,0
2016-05-09,35093.665199999996,33451.4312,116,147,26,0,14324.716371249526,367.5,10068.004866449526,-1642.234,3242.52,0,0,116,66,1,0,0,0
2016-05-10,25667.9426,24177.2846,92,105,16,0,10523.46071128312,262.5,7286.579457883121,-1490.658,2504.24,0,0,92,54,3,0,0,0
2016-05-11,22304.0826,21120.7826,81,95,14,0,9255.94948238753,237.5,6427.626786987529,-1183.3,2187.3199999999997,0,0,81,53,1,0,0,0
2016-05-12,24143.1026,23057.1526,75,101,10,0,9854.902380824635,252.5,7121.944955424635,-1085.95,2034,0,0,75,51,5,0,0,0
2016-05-13,14610.3126,13736.0726,53,58,5,0,6031.958666375609,145,4166.05256097561,-874.24,1450.1599999999999,0,0,53,30,0,0,0,0
2016-05-14,14390.9078,13676.2078,54,61,7,0,6078.0188502059555,152.5,4218.228824005955,-714.6999999999999,1444.8799999999999,0,0,54,37,1,0,0,0
2016-05-15,22424.14,21131.191,79,94,14,0,9211.144721651834,235,6437.260182651834,-1292.949,2132.88,0,0,79,51,2,0,0,0
2016-05-16,25654.3952,24393.1492,84,104,10,0,10469.48471428558,260,7434.4033874855795,-1261.246,2296.48,0,0,84,51,4,0,0,0
2016-05-17,21331.14,20248.145,75,86,8,0,8913.10055852806,215,6320.78435352806,-1082.9950000000001,1979.32,0,0,75,54,2,0,0,0
2016-05-18,20944.26,19726.525999999998,73,86,15,0,8385.956460744386,215,5833.5272067443875,-1217.734,1954.56,0,0,73,52,1,0,0,0
2016-05-19,23004.6926,21623.658600000002,74,95,12,0,9371.423861018075,237.5,6716.5177616180745,-1381.034,1999.32,0,0,74,54,1,0,0,0
2016-05-20,8109.33,7529.28,29,34,1,0,3330.9016903051547,85,2315.4725703051545,-580.05,786.88,0,0,29,17,1,0,0,0
2016-05-21,11835.12,11165.97,42,49,7,0,4871.380681371071,122.5,3413.66755137107,-669.15,1119.2,0,0,42,30,0,0,0,0
2016-05-22,12024.7378,11353.2888,43,50,9,0,4896.680521056208,125,3442.2351458562075,-671.4490000000001,1110.2,0,0,43,32,1,0,0,0
2016-05-23,19245.773,18391.094,64,82,15,0,7974.773277278683,205,5763.351551278683,-854.679,1653.48,0,0,64,39,4,0,0,0
2016-05-24,19256.9252,18404.2752,65,82,11,0,7890.4960828360045,205,5665.132102036005,-852.65,1667.04,0,0,65,36,2,0,0,0
2016-05-25,9075.6552,8658.1552,35,38,5,0,3693.8066685061153,95,2637.480167706115,-417.5,793.8399999999999,0,0,35,25,1,0,0,0
2016-05-26,9542.615199999998,8992.6652,37,40,10,0,3881.6969889562424,100,2749.6696981562427,-549.95,859.24,0,0,37,20,1,0,0,0
2016-05-27,6808.6652,6397.1572,25,28,6,0,2668.000551043702,70,1918.7629922437027,-411.508,555.3199999999999,0,0,25,18,1,0,0,0
2016-05-28,6830.8,6409.116,21,29,2,0,2667.43982602389,72.5,1992.03546202389,-421.68399999999997,480.84,0,0,21,17,0,0,0,0
2016-05-29,6331.4652,6004.8502,25,27,2,0,2609.6306684262627,67.5,1901.3900126262627,-326.615,526,0,0,25,21,1,0,0,0
2016-05-30,7658.8226,7165.6076,24,32,6,0,2964.2970868595453,80,2175.934466459545,-493.21500000000003,570.96,0,0,24,14,0,0,0,0
2016-05-31,11711.94,11027.339999999998,41,47,8,0,4638.854777706115,117.5,3363.321917706115,-684.6,941.64,0,0,41,23,0,0,0,0
2016-06-01,10297.6852,9747.1612,37,43,8,0,4042.430311051668,107.5,2920.402636251668,-550.524,826.4599999999999,0,0,37,21,2,0,0,0
2016-06-02,15816.9778,15032.5188,60,67,11,0,6483.847970711269,167.5,4705.4049255112695,-784.4590000000001,1322.3999999999999,0,0,60,42,1,0,0,0
2016-06-03,9268.68,8849.911,34,39,3,0,3588.1627182850625,97.5,2593.455299285062,-418.769,726.36,0,0,34,24,2,0,0,0
2016-06-04,6861.93,6419.572,24,28,3,0,2671.3452447831764,70,1950.8176567831765,-442.358,525.96,0,0,24,17,1,0,0,0
2016-06-05,8497.53,7923.911,32,35,7,0,3356.6760656766587,87.5,2380.102646676659,-573.619,736.28,0,0,32,14,2,0,0,0
2016-06-06,9345.57,8667.881,36,38,6,0,3719.30097537107,95,2680.09242637107,-677.6889999999999,776.4399999999999,0,0,36,25,0,0,0,0
2016-06-07,7413.2552,6762.8872,29,32,6,0,2969.2666036525366,80,2127.3828748525366,-650.368,636.16,0,0,29,20,1,0,0,0
2016-06-08,7994.53,7536.741,31,33,5,0,3172.3353385667524,82.5,2266.5198495667523,-457.789,677.35,0,0,31,20,0,0,0,0
2016-06-09,7514.61,7095.671000000001,28,32,3,0,3109.3444951271676,80,2262.8500361271676,-418.93899999999996,631.12,0,0,28,16,1,0,0,0
2016-06-10,3544.5926,3357.8926,11,15,3,0,1343.2001354,37.5,975.88125,-186.7,265.44,0,0,11,4,2,0,0,0
2016-06-11,6411.4026,5920.1526,23,26,3,0,2569.388211527167,65,1878.6237861271675,-491.25,511.28,0,0,23,13,1,0,0,0
2016-06-12,6777.7226,6363.6726,26,28,5,0,2711.7590541534305,70,1941.6625487534302,-414.05,577.15,0,0,26,17,0,0,0,0
2016-06-13,8628.0726,8054.1726,31,34,7,0,3407.685057998201,85,2492.6740525982013,-573.9,671.24,0,0,31,20,3,0,0,0
2016-06-14,8865.04,8329.29,31,37,4,0,3444.8024300309735,92.5,2465.9130200309737,-535.75,726.24,0,0,31,15,1,0,0,0
2016-06-15,4655.3026,4314.4536,20,20,6,0,1963.883347671807,50,1396.964193271807,-340.849,435.79999999999995,0,0,20,13,0,0,0,0
2016-06-16,6110.882600000001,5650.182600000001,22,25,5,0,2406.167920524935,62.5,1753.932625124935,-460.7,480.88,0,0,22,16,0,0,0,0
2016-06-17,2981.6526,2832.6526,13,13,1,0,1259.2245143977673,32.5,902.2975889977673,-149,270.88,0,0,13,10,1,0,0,0
2016-06-18,4427.2,4265.2,16,17,2,0,1735.1229875000001,42.5,1245.6921875,-162,360.64,0,0,16,9,0,0,0,0
2016-06-19,4110.29,3883.553,16,18,1,0,1692.214458019254,45,1233.551421019254,-226.73699999999997,340.64,0,0,16,13,1,0,0,0
2016-06-20,8486.22,8026.97,30,35,9,0,3315.321212963415,87.5,2410.839082963415,-459.25000000000006,661.1999999999999,0,0,30,22,0,0,0,0
2016-06-21,4656.6326,4326.7826000000005,19,19,5,0,1944.7254580262625,47.5,1407.7887626262625,-329.85,405.76,0,0,19,13,1,0,0,0
2016-06-22,2388.96,2276.96,8,10,0,0,982.2181261271677,25,732.8662861271677,-112,180.32,0,0,8,5,0,0,0,0
2016-06-23,4370.64,4128.14,16,18,2,0,1792.0773100000001,45,1290.24125,-242.5,376.71999999999997,0,0,16,7,0,0,0,0
2016-06-24,3700.29,3625.29,12,15,2,0,1393.990624698596,37.5,1012.4372146985962,-75,271.91999999999996,0,0,12,6,1,0,0,0
2016-06-25,2835.1026,2648.1026,13,13,2,0,1237.9882039732108,32.5,873.1732285732107,-187,284.12,0,0,13,9,0,0,0,0
2016-06-26,4013.3726,3857.1956,16,17,1,0,1631.5461976525253,42.5,1151.0675252525252,-156.177,363.52,0,0,16,8,1,0,0,0
2016-06-27,8137.2152,7644.0702,24,31,8,0,3060.9589423523244,77.5,2286.4609065523246,-493.145,543.52,0,0,24,17,0,0,0,0
2016-06-28,3948.83,3905.33,15,16,1,0,1521.9022231306715,40,1057.8476531306715,-43.5,346,0,0,15,8,0,0,0,0
2016-06-29,4479.2926,4230.2926,18,18,3,0,1778.435394577987,45,1268.1569091779868,-249,382.2,0,0,18,14,1,0,0,0
2016-06-30,3798.9926,3602.1266,16,17,2,0,1622.1411138460433,42.5,1161.1794424460431,-196.866,351.4,0,0,16,12,0,0,0,0
2016-07-01,4108.5852,3809.3352,12,17,2,0,1581.1560449335043,42.5,1185.7853241335044,-299.25,279.8,0,0,12,9,1,0,0,0
2016-07-02,2873.0526,2641.9375999999997,13,13,2,0,1244.7949765271676,32.5,884.0787861271676,-231.115,280.2,0,0,13,9,1,0,0,0
2016-07-03,5206.18,4795.43,15,20,4,0,1899.8481775273337,50,1393.7807075273338,-410.75000000000006,361,0,0,15,9,0,0,0,0
2016-07-04,7771.65,7061.54,25,34,3,0,3177.9776017293234,85,2357.9929417293233,-710.11,605,0,0,25,12,0,0,0,0
2016-07-05,6578.7352,6073.6342,26,28,5,0,2810.3536042982378,70,2045.4182124982376,-513.759,580.4,0,0,26,17,0,0,0,0
2016-07-06,5238.8204,4740.3904,21,22,5,0,2120.057788059545,55,1517.5864664595451,-498.43,458.4,0,0,21,16,0,0,0,0
2016-07-07,5060.6552,4918.1552,20,21,3,0,2113.343738966405,52.5,1516.4172381664048,-142.5,448,0,0,20,13,0,0,0,0
2016-07-08,2615.21,2590.21,9,11,2,0,1015.6655685732107,27.5,733.6494785732108,-25,203.6,0,0,9,4,2,0,0,0
2016-07-09,1072.5026,1035.5026,5,5,2,0,481.5995754,12.5,343.07,-37,107,0,0,5,4,0,0,0,0
2016-07-10,6022.9252,5715.5252,22,24,3,0,2375.4454346332827,60,1703.6952038332827,-307.4,498.79999999999995,0,0,22,10,2,0,0,0
2016-07-11,5332.6552,4990.1552,20,21,5,0,2084.1258230543353,52.5,1480.1113222543352,-342.5,453,0,0,20,10,2,0,0,0
2016-07-12,5699.0026,5400.3736,19,22,3,0,2135.5477094,55,1569.736875,-298.62899999999996,402.59999999999997,0,0,19,16,0,0,0,0
2016-07-13,5177.8351999999995,4925.0862,19,21,3,0,2052.7443900439025,52.5,1466.0168902439025,-252.749,437.59999999999997,0,0,19,10,0,0,0,0
2016-07-14,2255.3,2149.8,9,9,0,0,851.845617706115,22.5,588.201417706115,-105.5,198.6,0,0,9,6,0,0,0,0
2016-07-15,4557.92,4243.67,16,18,1,0,1789.900636385788,45,1300.0342063857881,-314.25,361.4,0,0,16,10,1,0,0,0
2016-07-16,4385.6852,4149.1392,16,18,4,0,1686.63412221223,45,1209.50908541223,-236.546,351.4,0,0,16,12,0,0,0,0
2016-07-17,4946.5178,4722.117799999999,18,21,3,0,2045.9645753779866,52.5,1500.5231591779866,-224.4,402.2,0,0,18,14,0,0,0,0
2016-07-18,3787.71,3582.21,14,16,3,0,1526.9834955876684,40,1097.6994055876685,-205.5,320.59999999999997,0,0,14,8,1,0,0,0
2016-07-19,4458.4852,4228.9852,20,20,4,0,1915.9922828238898,50,1334.48171202389,-229.5,452.86999999999995,0,0,20,11,0,0,0,0
2016-07-20,8422.31,7781.91,31,34,1,0,3429.608156471034,85,2466.3327664710337,-640.4,727.4,0,0,31,14,0,0,0,0
2016-07-21,4945.7352,4788.1601999999975,15,21,9,0,1924.0905853289646,52.5,1453.0639395289647,-157.57500000000002,325.86999999999995,0,0,15,12,0,0,0,0
2016-07-22,5289.4952,4877.3952,20,22,3,0,2074.2600860114107,55,1453.995625211411,-412.1,472.21999999999997,0,0,20,8,1,0,0,0
2016-07-23,1467.92,1256.92,6,6,1,0,564.1134431578948,15,398.5927631578948,-211,127.27,0,0,6,5,0,0,0,0
2016-07-24,2792.59,2556.59,11,11,1,0,1119.9487880187942,27.5,793.4976780187943,-236,249.01,0,0,11,6,0,0,0,0
2016-07-25,6152.2326,5705.886600000001,21,25,3,0,2325.1330495065135,62.5,1680.8423381065136,-446.346,471.32000000000005,0,0,21,15,1,0,0,0
2016-07-26,8750.3452,8049.8202,30,35,5,0,3224.580922446818,87.5,2317.146136646818,-700.525,663.49,0,0,30,22,0,0,0,0
2016-07-27,3238.7526000000003,2921.2526000000003,12,13,3,0,1257.326493106115,32.5,895.470167706115,-317.5,273.24,0,0,12,6,1,0,0,0
2016-07-28,3047.42,2715.652,12,13,2,0,1234.4273491976912,32.5,888.5334411976912,-331.76800000000003,263.24,0,0,12,8,0,0,0,0
2016-07-29,4939.4452,4378.7452,20,20,4,0,2013.9646231129996,50,1430.5810123129997,-560.7,450.4,0,0,20,11,0,0,0,0
2016-07-30,2647.88,2287.38,10,10,4,0,1079.9102826262626,25,797.8762626262626,-360.5,212.7,0,0,10,8,0,0,0,0
2016-07-31,5093.92,4643.06,19,21,0,0,2051.3345942639157,52.5,1495.2558542639158,-450.86,415.13,0,0,19,15,0,0,0,0
2016-08-01,7533.82,6940.636000000001,24,29,0,0,2772.8030035977417,72.5,2001.3445595977416,-593.184,561.4800000000001,0,0,24,13,1,0,0,0
2016-08-02,6990.0352,6489.1852,25,28,6,0,2730.8572050010016,70,1972.5208342010014,-500.85,561.75,0,0,25,15,2,0,0,0
2016-08-03,6240.22,5651.466,29,29,3,0,2698.4835627591556,72.5,1898.0610487591557,-588.754,627.83,0,0,29,21,0,0,0,0
2016-08-04,3847.8252,3482.8062,15,16,3,0,1486.0696503538356,40,1061.2182705538357,-365.019,319.05,0,0,15,12,1,0,0,0
2016-08-05,4195.53,3729.648,17,18,3,0,1752.1902400713286,45,1259.0404480713287,-474.53999999999996,379.59,0,0,17,11,0,0,0,0
2016-08-06,3836.7200000000003,3432.463,12,15,0,0,1454.1017027841576,37.5,1061.8202757841575,-404.257,288.24,0,0,12,4,2,0,0,0
2016-08-07,3207.6126,2968.8136,11,13,2,0,1277.5339277333333,32.5,939.5683333333333,-238.799,247.97,0,0,11,7,0,0,0,0
2016-08-08,5190.365199999999,4842.3652,16,21,2,0,1921.5905474651313,52.5,1400.548623331798,-348,374.3133333333334,0,0,16,10,0,0,0,0
2016-08-09,3709.71,3423.081,14,16,2,0,1527.787682191851,40,1099.9383331918507,-286.629,323.7800000000001,0,0,14,8,0,0,0,0
2016-08-10,5704.4778,5346.0887999999995,24,25,6,0,2303.978659751522,62.5,1614.5970845515221,-358.389,526.845,0,0,24,16,1,0,0,0
2016-08-11,4134.9252,3860.5752,16,17,4,0,1599.2562898102708,42.5,1127.8796090102708,-274.35,354.32,0,0,16,11,0,0,0,0
2016-08-12,3807.4326,3587.5776,16,17,3,0,1682.3723117796926,42.5,1233.9125613796928,-219.855,339.32,0,0,16,12,1,0,0,0
2016-08-13,4021.3,3782.316,16,17,3,0,1707.3278040247499,42.5,1238.2206400247499,-238.984,354.32,0,0,16,9,1,0,0,0
2016-08-14,4440.1026,4243.2336,16,17,3,0,1782.8096966568403,42.5,1305.3359222568404,-196.869,349.32,0,0,16,12,0,0,0,0
2016-08-15,5104.2,4930.2,19,21,2,0,1923.4302006332573,52.5,1358.7294006332572,-174,415.425,0,0,19,13,1,0,0,0
2016-08-16,6704.5978000000005,6269.3978,25,28,6,0,2606.859721649648,70,1859.8971854496478,-435.2,556.75,0,0,25,14,2,0,0,0
2016-08-17,5135.6526,4745.6336,20,21,4,0,2082.9338018858753,52.5,1483.3804274858753,-390.019,455.63,0,0,20,10,1,0,0,0
2016-08-18,6186.1,5785.747,24,27,2,0,2616.2067440093797,67.5,1908.8400810093797,-400.353,531.48,0,0,24,17,1,0,0,0
2016-08-19,4470.5226,4071.5636,19,20,3,0,1878.0687602088249,50,1338.863415808825,-398.959,415.13,0,0,19,12,2,0,0,0
2016-08-20,2928.4926,2703.7426,12,13,1,0,1199.8925454267116,32.5,849.1140100267116,-224.75,268.46999999999997,0,0,12,7,1,0,0,0
2016-08-21,6736.842599999999,6500.842599999999,23,26,4,0,2597.674729794099,65,1890.1402943940993,-236,511.21000000000004,0,0,23,14,1,0,0,0
2016-08-22,7698.5426,7263.2296,28,31,4,0,2920.395053173257,77.5,2057.211394773257,-435.313,643.25,0,0,28,13,3,0,0,0
2016-08-23,7074.7226,6636.924599999999,21,27,6,0,2674.7763914400043,67.5,2003.075578040004,-437.798,471.13,0,0,21,15,1,0,0,0
2016-08-24,6833.963,6505.784,25,27,8,0,2684.7266494126698,67.5,1904.82891341267,-328.179,583.13,0,0,25,12,0,0,0,0
2016-08-25,5847.6452,5586.0662,22,23,5,0,2221.1436811011245,57.5,1543.3177613011246,-261.579,508.93,0,0,22,11,0,0,0,0
2016-08-26,6274.3126,5935.1936,23,24,6,0,2336.830842887172,60,1676.4702284871717,-339.119,481.04,0,0,23,20,2,0,0,0
2016-08-27,5706.3152,5527.9652,18,22,7,0,2174.9100105903294,55,1593.9990197903296,-178.34999999999997,413.99999999999994,0,0,18,13,0,0,0,0
2016-08-28,5905.5526,5657.5526,19,24,2,0,2291.7876016306805,60,1686.0185762306805,-248,434.49999999999994,0,0,19,13,1,0,0,0
2016-08-29,7202.1152,6805.7202,28,30,5,0,2867.0421985189614,75,2036.6763127189618,-396.395,624,0,0,28,19,0,0,0,0
2016-08-30,8432.4426,7928.3636,29,32,5,0,3249.769973755731,80,2355.747429355731,-504.079,654.5,0,0,29,20,0,0,0,0
2016-08-31,12929.9226,12437.7536,48,52,6,0,5083.9771680788235,130,3623.502313678823,-741.169,1084.18,0,249,48,31,0,0,0,0
2016-09-01,8485.86,8118.054,28,34,4,0,3303.960325615395,85,2424.336759615395,-676.7959999999999,634,0,308.99,28,18,1,0,0,0
2016-09-02,5310.7626,5262.7626,19,22,3,0,2088.475816526505,55,1509.7557011265048,-198,419.5,0,0,19,13,2,0,0,0
2016-09-03,3780.3826,3637.3826,16,16,3,0,1580.4263944227616,40,1127.1422990227616,-173,343,0,0,16,13,0,0,0,0
2016-09-04,5009.6352,4716.5562,21,21,3,0,1984.3416808602292,52.5,1385.7615510602293,-293.079,455.5,0,0,21,14,1,0,0,0
2016-09-05,9472.605199999998,8901.7742,33,38,5,0,3657.7824204929593,95,2656.7309686929593,-570.831,731.4999999999999,0,0,33,26,1,0,0,0
2016-09-06,8114.9304,7596.6024,28,32,8,0,3210.8960972343807,80,2336.994627634381,-548.3280000000001,644,0,0,28,18,0,0,0,0
2016-09-07,6601.9426,6168.2916,26,26,4,0,2497.6827007920137,65,1738.0022443920138,-545.851,573,0,0,26,18,0,0,0,0
2016-09-08,7506.2704,6954.7204,27,29,12,0,2828.288418971692,72.5,2019.4015273716918,-551.55,598.5,0,0,27,17,3,0,0,0
2016-09-09,4757.9826,4433.2326,19,20,2,0,1964.7664125517504,50,1415.7026671517503,-324.75,414.5,0,0,19,15,0,0,0,0
2016-09-10,8251.0052,7995.9052,24,32,4,0,3132.0346740135415,80,2328.5534232135415,-329.5,562,0,0,24,17,0,0,0,0
2016-09-11,9336.6052,8708.0192,33,38,5,0,3851.217322945131,95,2820.784766145131,-650.7860000000001,766.4999999999999,0,0,33,19,1,0,0,0
2016-09-12,8219.7526,7787.1336,28,32,5,0,3158.5717429733972,80,2289.144868573397,-432.619,634,0,0,28,17,2,0,0,0
2016-09-13,5561.8052,5154.2662,21,21,6,0,2134.919000314544,52.5,1508.6452805145439,-407.539,470.5,0,0,21,12,1,0,0,0
2016-09-14,5261.9826,4943.6086,19,20,2,0,2086.466334162486,50,1512.601684762486,-318.374,424.5,0,0,19,13,0,0,0,0
2016-09-15,5878.0726,5524.5836,21,23,1,0,2313.8619946045596,57.5,1691.24907020456,-353.48900000000003,455.5,0,0,21,15,1,0,0,0
2016-09-16,6242.4252,5920.256199999999,23,26,5,0,2382.5555394531693,65,1696.5681096531696,-352.169,506.4999999999999,0,0,23,18,0,0,0,0
2016-09-17,5657.65,5360.292,21,23,4,0,2269.336175678857,57.5,1651.4877076788569,-297.358,455.5,0,0,21,18,0,0,0,0
2016-09-18,7891.78,7582.266,19,30,2,0,2885.2118537587303,75,2156.8261397587303,-309.514,499.5,0,0,19,6,2,0,0,0
2016-09-19,7945.6726,7575.253600000001,27,31,2,0,3024.110447352164,77.5,2191.628092952164,-400.419,603.5,0,0,27,18,1,0,0,0
2016-09-20,3520.4652,3270.9652,18,18,2,0,1512.4877591323273,45,1028.2297683323272,-279.5,384,0,0,18,14,1,0,0,0
2016-09-21,5335.45,5077.6,20,20,1,0,1976.3615693967686,50,1383.1111693967687,-317.85,440,0,0,20,14,0,0,0,0
2016-09-22,1559.9326,1431.0826,7,7,2,0,641.6699881152317,17.5,449.0585927152318,-128.85,149.01,0,0,7,6,0,0,0,0
2016-09-23,3864.6452,3605.7952,13,14,2,0,1482.7278718191233,35,1084.9098110191233,-258.85,289.05,0,0,13,10,0,0,0,0
2016-09-24,4154.6826,4030.0826,13,15,3,0,1521.6415264279883,37.5,1100.1991310279884,-154.6,300.07,0,0,13,9,0,0,0,0
2016-09-25,6812.66,6393.336,26,27,2,0,2716.4582872128626,67.5,1938.8315432128627,-419.324,584.12,0,0,26,16,2,0,0,0
2016-09-26,7922.8326,7408.9876,28,31,6,0,3014.185322083023,77.5,2143.784681683023,-513.845,646.24,0,0,28,17,1,0,0,0
2016-09-27,5047.345199999999,4678.2122,19,21,3,0,2110.134413464706,52.5,1519.1262596647061,-369.133,449.04,0,0,19,8,1,0,0,0
2016-09-28,7015.63,6566.156,23,27,4,0,2648.7363469757265,67.5,1926.9878229757262,-449.474,523.23,0,0,23,17,1,0,0,0
2016-09-29,7015.0726,6479.5396,23,26,7,0,2743.3214317710667,65,2014.5347833710666,-565.533,533.0799999999999,0,0,23,15,1,0,0,0
2016-09-30,3784.46,3560.202,14,15,1,0,1508.277615608849,37.5,1061.3917576088488,-224.25799999999998,339.14000000000004,0,0,14,6,0,0,0,0
2016-10-01,4613.1352,4219.3322,18,18,3,0,1772.1964423691963,45,1241.2558085691962,-393.803,403.18,0,0,18,13,0,0,0,0
2016-10-02,5678.7652,5411.2652,22,24,5,0,2281.3338018876475,60,1615.1371110876478,-267.5,502.07000000000005,0,0,22,15,0,0,0,0
2016-10-03,6177.0526,5867.0526,22,24,1,0,2360.316110926098,60,1675.7615855260983,-310,507.21000000000004,0,0,22,15,0,0,0,0
2016-10-04,9903.6226,9179.4086,36,39,3,0,3754.0495329983773,97.5,2664.8916835983773,-741.53,811.255,0,0,36,25,1,0,0,0
2016-10-05,8775.1252,8459.6252,32,36,7,0,3418.4216567941135,90,2440.0025259941135,-315.5,722.2900000000001,0,0,32,23,1,0,0,0
2016-10-06,8881.2652,8428.7652,34,35,5,0,3434.684702307113,87.5,2425.410511507113,-452.5,754.34,0,0,34,26,1,0,0,0
2016-10-07,8549.2226,8088.7226,31,35,5,0,3457.397027575355,87.5,2511.014072175355,-490.5,701.3100000000001,0,0,31,24,0,0,0,0
2016-10-08,5518.5278,5289.0278,19,21,5,0,2165.9356005338577,52.5,1552.0637943338577,-229.5,454.18999999999994,0,0,19,10,0,0,0,0
2016-10-09,7121.1326,6921.6326,24,27,4,0,2692.8370900332907,67.5,1929.7697446332909,-229.49999999999997,554.2399999999999,0,0,24,16,1,0,0,0
2016-10-10,12157.5026,11597.7026,43,49,7,0,4727.202705802355,122.5,3367.7443304023545,-582,1008.425,0,0,43,25,2,0,0,0
2016-10-11,9998.7852,9523.485200000001,37,41,3,0,3886.276067790836,102.5,2760.424996990836,-527.5,837.37,0,0,37,27,1,0,0,0
2016-10-12,9474.9478,9003.9478,35,38,9,0,3724.808896386498,95,2656.944410186498,-471,795.35,0,0,35,26,0,0,0,0
2016-10-13,7888.5604,7535.0604,25,30,9,0,2996.6658457470053,75,2232.649094147005,-353.5,536.5,0,0,25,21,2,0,0,0
2016-10-14,7719.983,7309.433,26,31,7,0,3038.910761081925,77.5,2242.6272040819254,-410.55,575.0099999999999,0,0,26,22,2,0,0,0
2016-10-15,5633.3978,5385.3978,22,22,5,0,2190.390780562203,55,1530.3942443622027,-248,497.22,0,0,22,14,1,0,0,0
2016-10-16,9029.4852,8383.0572,31,35,7,0,3477.653833495273,87.5,2498.985174695273,-646.428,725.0600000000001,0,0,31,18,0,0,0,0
2016-10-17,10608.1878,10145.6878,38,40,11,0,4157.673725053737,100,2995.4687788537367,-552.5,855.98,0,0,38,28,0,0,0,0
2016-10-18,7626.883,7595.043,26,29,8,0,2823.356685108769,72.5,2013.1404381087686,-240.5,581.26,88.66,0,26,19,1,0,0,0
2016-10-19,6007.152599999999,5814.6526,20,23,3,0,2268.227228274178,57.5,1642.5023028741778,-192.5,450.20000000000005,0,0,20,14,1,0,0,0
2016-10-20,7166.5352,6878.5432,28,30,4,0,2818.0340263232138,75,1971.2762735232138,-340.192,638.2800000000001,0,0,28,18,1,0,0,0
2016-10-21,6563.7578,6389.9978,25,26,4,0,2540.6684791554476,65,1798.5585429554478,-229.5,549,55.739999999999995,0,25,17,2,0,0,0
2016-10-22,7603.61,7799.260000000001,26,29,5,0,2847.098435865006,72.5,2060.9598958650063,-287,551.26,99.55,233.1,26,19,1,0,0,0
2016-10-23,8452.1878,8287.1478,27,32,7,0,3152.961982493377,80,2303.2646962933773,-248,599.7700000000001,82.96000000000001,0,27,20,1,0,0,0
2016-10-24,11275.6504,11266.1404,37,43,8,0,4296.561089129745,107.5,3107.0730175297444,-390.5,849.8700000000001,63.53,317.46,37,24,0,0,0,0
2016-10-25,8639.1878,8392.0178,29,32,8,0,3297.7975595476305,80,2426.7890433476305,-378.5,618.0400000000001,101.33,0,29,22,1,0,0,0
2016-10-26,12671.463,12214.773,45,48,9,0,4817.090366990116,120,3480.511949990116,-496,967.95,39.31,0,45,30,2,0,0,0
2016-10-27,7155.97,7037.43,25,27,3,0,2732.4344316864185,67.5,1981.2489616864184,-204.5,539,85.96000000000001,0,25,18,0,0,0,0
2016-10-28,6655.3404,6612.2704,25,27,6,0,2630.7282949719242,67.5,1896.8724533719244,-136,534,62.93,0,25,17,1,0,0,0
2016-10-29,4265.8026,4198.0826,16,17,2,0,1608.6480149169477,42.5,1130.6436195169476,-130.5,351.16,62.78,0,16,7,2,0,0,0
2016-10-30,7462.5452,7332.0352,27,28,6,0,2801.0852073199453,70,1986.5361865199452,-242.5,593.5200000000001,81.99,0,27,16,0,0,0,0
2016-10-31,6977.0878,6745.7078,27,28,4,0,2668.32202303126,70,1880.7764968312597,-273,583.5200000000001,19.42,0,27,14,4,0,0,0
2016-11-01,8686.2052,8661.165200000001,25,33,6,0,3149.6245166498293,82.5,2324.5507258498287,-174,564.0000000000002,126.7599999999999,0,25,19,0,0,0,0
2016-11-02,5442.6704,5138.0304,21,21,8,0,2147.9487170569473,52.5,1562.6858354569472,-348,429.96000000000004,43.36,0,21,17,1,0,0,0
2016-11-03,11192.5052,11048.8352,30,43,8,0,4119.802097316871,107.5,3078.685876516871,-279.49999999999994,707.8000000000001,105.83,0,30,17,0,0,0,0
2016-11-04,5253.72,5155.1,17,21,4,0,2013.7036955963413,52.5,1456.9857955963412,-205.5,400.92,106.88,0,17,7,1,0,0,0
2016-11-05,5607.04,5406.9,21,22,1,0,2084.0453058363305,55,1465.6852058363306,-267.5,454.96000000000004,37.36,0,21,14,0,0,0,0
2016-11-06,8136.7652,7820.9452,28,31,6,0,3075.359766517291,77.5,2230.972355717291,-328.5,608.2800000000001,12.68,0,28,18,0,0,0,0
2016-11-07,4723.3926,4604.3226,17,18,6,0,1729.348742171986,45,1224.503386771986,-192.49999999999997,365.92,43.43,0,17,10,2,0,0,0
2016-11-08,7199.2778,6916.1378,25,27,4,0,2701.0932013315496,67.5,1953.4252051315495,-385,539,41.86,0,25,16,1,0,0,0
2016-11-09,7243.67,7158.2,22,28,5,0,2624.445570653346,70,1923.737770653346,-149,484.72,63.53,0,22,12,3,0,0,0
2016-11-10,5510.36,5317.86,19,21,3,0,2183.1890534890667,52.5,1612.2311134890665,-192.5,410.44000000000005,0,0,19,14,0,0,0,0
2016-11-11,4308.962600000001,4320.442600000001,13,16,3,0,1550.7572498504362,40,1133.784414450436,-75,286.8800000000001,56.480000000000004,0,13,10,0,0,0,0
2016-11-12,4359.11,4189.71,15,17,2,0,1681.2681932803448,42.5,1218.2666032803447,-212,336.40000000000003,42.6,0,15,9,0,0,0,0
2016-11-13,7333.467800000001,7186.0778,20,30,5,0,2659.7311769235553,75,2007.1349207235553,-266.5,435.20000000000005,74.7099999999999,0,20,13,0,0,0,0
2016-11-14,5412.5152,5210.8152,19,20,4,0,2005.2598371196202,50,1417.7061963196202,-291.7,430.44000000000005,0,0,19,8,1,0,0,0
2016-11-15,8889.15,8345.1,31,36,5,0,3447.6365104611414,90,2491.0286104611414,-590.818,703.8000000000001,38.11,0,31,15,2,0,0,0
2016-11-16,5532.76,5410.14,17,21,2,0,2029.913541047782,52.5,1475.799481047782,-162,390.92,17.18,0,17,9,0,0,0,0
2016-11-17,4773.979999999999,4655.479999999999,13,18,1,0,1775.2319192983887,45,1337.9429992983885,-118.5,296.88000000000005,0,0,13,7,0,0,0,0
2016-11-18,2862.1126,2805.9226,11,11,1,0,1105.9663275593434,27.5,788.9345721593434,-100,232.36,43.81,0,11,7,1,0,0,0
2016-11-19,3143.4926,3117.9926,11,12,2,0,1157.2816977791717,30,830.8999123791717,-55.5,232.36,0,0,11,9,0,0,0,0
2016-11-20,4745.3478000000005,4686.5178,15,17,6,0,1764.444542070766,42.5,1270.555525870766,-112,352.88,23.17,0,15,5,1,0,0,0
2016-11-21,9963.5152,9494.2352,30,38,9,0,3709.330523952172,95,2748.837703152172,-567,673.7600000000001,67.72,0,30,19,2,0,0,0
2016-11-22,5852.5426,5401.5276,17,24,7,0,2138.1182968508824,60,1588.3539964508825,-529.175,385.92,78.16,0,17,11,0,0,0,0
2016-11-23,6313.7252,5645.675200000002,17,26,4,0,2264.607198283861,65,1721.9226174838611,-741.41,371.16,43.36,0,17,10,2,0,0,0
2016-11-24,5890.832600000002,5443.9826,18,24,3,0,2199.102158328941,60,1606.906662928941,-469.2800000000001,427.12000000000006,22.43,0,18,8,1,0,0,0
2016-11-25,6478.2026,6051.8726,19,23,6,0,2364.9458834355432,57.5,1741.1415780355435,-506,441.40000000000003,79.67,0,19,9,1,0,0,0
2016-11-26,1885.25,1830.13,7,7,1,0,748.5928759379218,17.5,543.8991059379218,-75,149.52,19.88,0,7,5,0,0,0,0
2016-11-27,7015.367800000001,6427.460199999999,21,27,5,0,2608.5544677215435,67.5,1919.778121921543,-748.34760000000006,494.2800000000001,130.44,0,21,12,0,0,0,0
2016-11-28,9807.157799999999,8791.495200000001,28,38,4,0,3634.799940461457,95,2728.4465796614572,-1051.5225999999998,640,35.86,0,28,14,1,0,0,0
2016-11-29,12314.960000000001,11044.205,34,47,12,0,4435.052183344977,117.5,3360.670238344976,-1485.4750000000001,740.0000000000001,184.72,0,34,25,2,0,0,0
2016-11-30,5128.02,4818.58,17,19,3,0,1842.1889166462327,47.5,1326.7500966462326,-368.93,370,59.489999999999995,0,17,11,1,0,0,0
2016-12-01,4023,3816.06,14,15,1,0,1528.614391034106,37.5,1088.448651034106,-250,325,43.06,0,14,5,1,0,0,0
2016-12-02,3816.7,3586.54,13,14,4,0,1370.6141100522832,35,986.1944500522832,-293.1,276.21,62.94,0,13,10,0,0,0,0
2016-12-03,2640.77,2566.9,10,10,1,0,1019.9426934278788,25,727.5025934278788,-118.5,215,22.43,0,10,6,1,0,0,0
2016-12-04,5223.07,5136.524,16,19,5,0,1932.1643491091484,47.5,1407.5051531091483,-126.146,370.00000000000006,39.6,0,16,8,0,0,0,0
2016-12-05,1968.16,1881.16,8,8,1,0,724.9893642941792,20,483.0357242941792,-87,185,0,0,8,3,0,0,0,0
2016-12-06,7104.6826,6767.8926,25,29,3,0,2608.023222415901,72.5,1853.0543370159007,-461,550,42.01,0,25,16,2,0,0,0
2016-12-07,7960.26,7130.369999999999,23,30,2,0,2866.124553360146,75,2115.343823360146,-867.25,535.0000000000001,37.36,0,23,15,0,0,0,0
2016-12-08,5362.65,5215.910000000001,14,20,3,0,1967.4115289748881,50,1472.9401389748882,-341.75,337.2100000000001,195.01000000000002,0,14,9,0,0,0,0
2016-12-09,5412.9526,5350.7526,16,22,3,0,2017.610559062376,55,1490.8387336623762,-216.55,365,154.35,0,16,10,1,0,0,0
2016-12-10,4048.72,3736.46,12,15,0,2,1529.232336351172,37.5,1136.374996351172,-417.8,280,105.53999999999999,0,12,6,1,0,0,0
2016-12-11,4149.09,3948.65,13,16,1,0,1547.9144170094112,40,1118.603567009411,-317.53,310,87.09,0,13,6,0,0,0,0
2016-12-12,5543.8752,5396.8352,16,22,8,0,1970.0713718350632,55,1446.9631510350632,-224,360,76.96000000000001,0,16,10,3,0,0,0
2016-12-13,2866.4926,2789.8426,10,11,3,0,1049.1885208620854,27.5,734.9830854620855,-118.5,230,41.85,0,10,5,0,0,0,0
2016-12-14,9047.779999999997,8826.489999999998,22,34,5,0,3284.779799621685,85,2518.6115896216847,-299.00000000000006,500.00000000000017,77.71000000000001,0,22,16,1,0,0,0
2016-12-15,2672.3577999999998,2623.7378,7,10,3,0,954.9646967050504,25,720.8763005050504,-68.5,155,19.88,0,7,2,2,0,0,0
2016-12-16,3063.41,2992.7000000000003,12,12,4,0,1179.1828736531538,30,828.7945736531536,-130.5,260,59.79,0,12,8,0,0,0,0
2016-12-17,4033.9726,3893.6526,13,15,5,0,1497.1986875437537,37.5,1079.7827621437539,-162,300,21.68,0,13,5,2,0,0,0
2016-12-18,5087.48,4934.58,16,19,5,0,1844.3214780011358,47.5,1335.5186580011357,-243.5,360,90.6,0,16,10,0,0,0,0
2016-12-19,2745.99,2722.85,9,10,1,0,992.2515568314725,25,710.2889068314726,-50,200,26.86,0,9,5,1,0,0,0
2016-12-20,3097.1126,3003.7126,12,12,2,0,1277.3919071093085,30,919.3842417093084,-123.4,267.3,0,0,12,7,0,0,0,0
2016-12-21,2154.69,2126.9700000000003,7,8,2,0,762.6356929858123,20,533.5535629858123,-93.5,165,65.78,0,7,3,0,0,0,0
2016-12-22,1654,1599.93,5,6,0,0,569.0965370094109,15,394.748567009411,-75,126.15,20.93,0,5,1,0,0,0,0
2016-12-23,2887.9,2781.58,9,11,0,0,1051.1754701477216,27.5,761.0596501477216,-125.00000000000004,206.15,18.68,0,9,5,0,0,0,0
2016-12-24,1122,1160.56,4,4,1,0,392.2629918932185,10,271.2567518932185,0,86.15,38.56,0,4,3,0,0,0,0
2016-12-25,3633.76,3147.564,12,17,0,0,1486.9850677462532,42.5,1123.7057117462532,-538.186,266.9,51.989999999999995,0,12,7,1,0,0,0
2016-12-26,1846.98,1762.51,7,8,0,0,761.6025231932773,20,533.4897331932773,-140.5,174.6,56.03,0,7,2,0,0,0,0
2016-12-27,3535.7200000000003,3413.15,12,13,1,0,1280.0390918669345,32.5,895.6577418669345,-143.5,281.5,20.93,0,12,6,1,0,0,0
2016-12-28,4454.88,4242.67,14,17,0,0,1677.6032346558704,42.5,1208.3658046558705,-308,341.09999999999997,95.78999999999999,0,14,8,0,0,0,0
2016-12-29,715.26,701.76,3,3,0,0,261.60854,7.5,176.9075,-43.5,63.449999999999996,0,0,3,3,0,0,0,0
2016-12-30,3812.0626,3528.6946,12,14,3,2,1353.8047313248424,35,968.4725879248425,-366.028,278.79999999999995,82.66,0,12,7,1,0,0,0
2016-12-31,2758.4926,2673.4926,9,10,5,1,999.5580851198879,25,693.6767997198879,-85,225.35,0,0,9,3,0,0,0,0
2017-01-01,2194.3,2190.21,7,8,0,0,861.1452183245824,20,637.1791283245824,-93.5,158.04999999999998,89.41,0,7,6,0,606.99,198.6561524390244,0
2017-01-02,5378.95,5263.03,18,20,4,2,2015.846851254332,50,1426.518981254332,-256.4,430.7,58.28,0,18,10,0,2047.92,462.41037016548347,1
2017-01-03,7206.002599999999,6810.4926,23,27,7,2,2631.441646051395,67.5,1894.3873606513946,-452.7499999999999,531.4499999999999,57.239999999999995,0,23,14,2,2040.7526,511.99544482055137,0
2017-01-04,6084.6,5828.99,21,22,4,3,2183.056362646024,55,1523.265652646024,-310.9,484.15,55.29,0,21,14,0,1999.29,525.1825148809525,0
2017-01-05,7830.04,7490.45,24,29,3,3,2947.8894221434325,72.5,2119.3663721434327,-415.5,602.6,75.91,0,24,9,1,3396.7799999999997,925.6689880686672,2
2017-01-06,8506.959999999995,8983.560000000005,21,32,2,1,3033.033515354801,80,2233.760275354801,-180.5,529.15,318.4800000000001,338.62,21,12,2,4494.49,369.385002675992,0
2017-01-07,6253.34,6125.77,20,23,4,5,2238.098113291744,57.5,1570.5507832917442,-225,483,67.43,0,20,10,0,2829.39,631.8393299735861,3
2017-01-08,6808.8252,6564.3592,22,26,5,2,2604.765521775252,65,1861.299104975252,-287.826,545.3,43.36,0,22,9,0,4161.877,1011.5048916387915,1
2017-01-09,7721.32,7359.68,27,29,4,1,2908.317409065614,72.5,2050.1366890656136,-397.5,636.05,35.86,0,27,15,0,2734.94,701.938534137648,0
2017-01-10,6285.1926,6244.1526,21,23,6,3,2371.0748223254773,57.5,1693.9443969254771,-218.5,489.15,117.46000000000001,0,21,14,0,1583.03,412.7130574812962,1
2017-01-11,7177.7326,6952.022600000001,22,27,5,5,2560.9647567445736,67.5,1805.956101344574,-328.25,545.3,102.53999999999999,0,22,11,0,3606.51,731.7470810290658,2
2017-01-12,8796.6126,8451.1026,30,34,3,1,3401.319494509062,85,2436.537519109062,-411,709.5,65.49,0,30,17,1,3610.18,976.6174511447348,0
2017-01-13,8281.85,7938.17,24,31,5,3,3082.6619080635733,77.5,2247.3549780635735,-428.3,595.8,84.62,0,24,11,2,4578.25,938.3581757673787,2
2017-01-14,12138.885199999999,11823.7252,37,47,9,9,4501.318768116586,117.5,3238.4307373165866,-466.15,905.9,98.78999999999999,0,37,20,0,6232.68,1321.3915784952937,4
2017-01-15,9128.1752,8911.1652,35,37,11,3,3560.486550757359,92.5,2496.6127599573592,-299,794.3499999999999,51.989999999999995,0,35,25,1,3618.6252,1000.4781485879333,1
2017-01-16,13650.64,13336.79,41,53,6,0,5024.23374279801,132.5,3624.44183279801,-442.5,997.125,128.6500000000001,0,41,20,2,5827.32,1506.9864108434147,0
2017-01-17,9351.1626,8959.6926,31,36,7,2,3415.1422906477696,90,2455.46120524777,-450.5,689.05,59.03,0,31,22,1,2820.7826,782.6530012991697,0
2017-01-18,10899.8552,10662.3652,35,42,7,5,3985.516504557549,105,2857.7079137575492,-394.4,806,156.91,0,35,20,2,6859.01,1724.4815788139897,1
2017-01-19,6755.68,6473.74,24,26,3,4,2595.2652864654447,65,1847.8268264654446,-382,551.9,40.06,0,24,11,2,2994.49,848.0417749576319,2
2017-01-20,12108.7952,11816.1652,36,47,3,7,4522.863840245874,117.5,3272.095049445874,-372,894,79.37,0,36,11,1,6453.2026,1238.0948852279228,4
2017-01-21,7386.77,7044.7,26,29,3,3,2744.5653596773077,72.5,1925.069059677308,-357,606.5,14.93,0,26,13,0,4274.25,948.5016136960913,1
2017-01-22,12009,11832.1,39,47,7,2,4339.4337434565805,117.5,3082.4528434565805,-312,899.75,135.1,0,39,22,1,7654.26,1412.8583981434947,1
2017-01-23,13731.909999999998,13488.199999999999,37,50,11,7,4956.621817005444,125,3685.604017005445,-438.5,864.86,164.79000000000002,0,37,19,2,6592.16,1795.1863438247315,4
2017-01-24,10640.51,10259.43,37,41,6,5,3956.102791346766,102.5,2837.029321346766,-445,809.25,63.92,0,37,25,2,3290.68,939.201098316131,0
2017-01-25,8928.8452,8602.1952,31,34,5,5,3447.7436215745165,85,2484.7199607745165,-431.3,703.36,104.65,0,31,17,1,3216.31,786.8277546593929,2
2017-01-26,7779.99,7418.47,28,30,6,1,2885.3041506288328,75,2019.1685206288332,-427,642,65.48,0,28,12,3,2864.22,910.7863512941694,1
2017-01-27,5513.89,5265.73,20,22,3,3,2070.2539570234435,55,1475.9477870234437,-354,435,105.84,0,20,14,1,1020.9200000000001,272.5849102748329,2
2017-01-28,6215.28,6035.76,19,23,3,2,2300.5396870443346,57.5,1693.242647044335,-197.9,425.36,18.38,0,19,14,0,2051.25,546.7911107142857,0
2017-01-29,15301.91,14909.019999999999,46,61,6,17,5626.85316977551,152.5,4094.69158977551,-668.4,1081.5,245.51,0,46,26,0,7161.22,1434.809307951327,5
2017-01-30,16236.4426,15954.0426,45,58,9,8,5693.292400584767,145,4160.755165184767,-783,1052.47,137.94,280.46,45,25,3,6877.12,1495.4096273262119,1
2017-01-31,9958.36,9784.62,34,38,2,1,3701.521431640923,95,2632.2574516409227,-539.75,774.11,98.34,267.67,34,21,0,5666.15,1178.090208040306,0
2017-02-01,14375.73,13733.77,48,54,6,0,5362.094575774646,135,3840.005245774646,-804.9,1107.61,162.94,0,48,24,3,6369.55,1639.4519364757414,0
2017-02-02,14240.1226,13787.2926,41,52,7,6,5088.936534287652,130,3717.035048887651,-537.3,956.47,84.47,0,41,22,1,5600.61,1308.238044164065,1
2017-02-03,10651.2326,10208.1226,38,42,4,9,4163.644351669613,105,2990.508796269613,-604,864.5,100.89,0,38,20,2,3689.79,1006.0559798509993,6
2017-02-04,12674.8826,12169.5826,43,45,6,12,4786.138151462701,112.5,3457.140256062701,-645.5,962.58,140.2,0,43,23,4,3509.96,931.7316543322429,4
2017-02-05,16211.4326,15866.1426,46,63,6,15,6006.132322656569,157.5,4435.6141872565695,-445.8,1091.5,40.51,0,46,25,3,9454.76,1794.6543863869542,5
2017-02-06,13434.2126,12650.3686,45,53,10,3,4996.6707566311015,132.5,3575.830067231102,-920.504,1038.08,84.46000000000001,0,45,24,3,7533.648,1467.3602194618454,0
2017-02-07,16702.037800000002,16453.967800000002,51,65,8,13,6182.07905964194,162.5,4531.8506601086065,-702.0000000000001,1153.5633333333333,134.94,288.99,51,33,1,6839.2126,1630.2649978413685,5
2017-02-08,12603.5452,12065.4752,41,50,7,13,4770.667167287126,125,3454.2983864871258,-579.4,951.47,19.13,0,41,24,1,7827.52,1433.333099996129,6
2017-02-09,13627.31,12971.99,43,50,8,12,4984.579561775059,125,3599.506851775059,-704,993.885,18.68,0,43,25,1,4919.35,1131.32129637674,4
2017-02-10,8876.7326,8556.2626,31,35,6,7,3411.27844281156,87.5,2444.28682741156,-444,708.36,101.33,0,31,18,0,3711.81,1006.9541581990424,4
2017-02-11,9478.1526,9223.1026,32,35,5,8,3533.7216006533445,87.5,2547.7516252533446,-393.50000000000006,708,138.45,0,32,22,1,2624.15,815.018060897436,1
2017-02-12,17391.4426,16679.3066,58,67,9,13,6459.333038717169,167.5,4620.423147317169,-800.506,1335.11,88.37,0,58,32,1,7667.8,1905.5684919861233,6
2017-02-13,16215.033,15621.882999999998,49,61,14,8,5829.254237488935,152.5,4243.534630488935,-732,1114.385,138.85,0,49,31,3,4495.55,1215.4124017792933,3
2017-02-14,13292.5152,12980.1852,39,51,10,6,5016.777554683888,127.5,3688.472183883888,-510.5,936.58,198.1700000000001,0,39,22,0,6518.21,1504.1798455411745,4
2017-02-15,13061.9426,12530.9826,44,50,6,10,4775.07013613756,125,3400.486640737561,-584.9,996.185,53.94,0,44,25,2,5401.2352,1250.741093403965,3
2017-02-16,14449.0726,14059.3526,49,57,7,4,5413.5133687941025,142.5,3866.257143394103,-630.5,1122.435,210.78,0,49,31,1,5245.19,1041.4708763330755,1
2017-02-17,8620.59,8310.22,27,32,3,3,3284.1338747464088,80,2406.297494746409,-404.5,627.24,94.13000000000011,0,27,16,0,3576.58,571.47544901192,1
2017-02-18,13548.71,13238.954,45,52,9,8,5182.5726139282515,130,3765.794614594918,-501.026,1017.2483333333333,161.26999999999998,0,45,29,1,3594.57,1053.5202473535742,1
2017-02-19,13067.7726,12551.5626,44,49,6,6,4906.711873618813,122.5,3534.3915582188124,-604.5,993.625,88.28999999999999,0,44,28,1,4859.99,1292.5646524384028,2
2017-02-20,15782.76,15536.67,54,60,6,14,5894.079677176,150,4231.036247175999,-779.3,1194.48,134.21,399,54,40,0,6697.34,1429.0494449553698,5
2017-02-21,16944.1326,16388.1726,50,64,8,16,6243.878432394185,160,4564.8230936608525,-768.3,1184.5983333333334,212.34,0,50,30,1,8511.47,1986.765301339725,6
2017-02-22,14604.3,14077.499999999998,43,54,5,13,5207.315965543705,132.5,3766.786798877038,-694,1016.3816666666667,137.2,0,43,26,1,7227.36,1156.6142883321595,2
2017-02-23,16646.8352,15972.1452,50,63,5,3,6109.362090992743,157.5,4403.234880192744,-715.5,1224.035,40.81,0,50,21,2,7937.92,1672.5000136537542,1
2017-02-24,14083.26,13457.7,47,55,5,4,5362.728520364775,137.5,3854.5002203647755,-696,1101.455,48.24,0,47,27,2,5081.7726,1624.9408700244037,1
2017-02-25,16929.45,16352.560000000001,51,63,9,9,6252.477165634399,157.5,4568.472925634399,-657,1190.8799999999999,80.11,0,51,34,2,4815.1,1288.6429505678566,2
2017-02-26,24611.3552,23684.8752,80,95,19,11,9029.713354158186,237.5,6469.516973358186,-1059,1844.8349999999998,102.52000000000001,0,80,55,1,9138.08,2241.764785134824,4
2017-02-27,24872.857799999998,23904.627800000002,71,93,16,12,8972.573787148429,232.5,6530.169580948429,-1177.5,1721.2699999999998,187.07,0,71,41,1,10706.6826,2169.5787683579674,4
2017-02-28,21813.5826,21462.0726,61,81,12,6,8135.755620902195,200,6016.475515502195,-764.1,1472.8799999999999,97.59,315,61,35,2,10971.0384,2340.2916863330465,4
2017-03-01,30472.5926,29689.3426,90,117,18,23,11307.426792460303,292.5,8203.375857060304,-1166,2207.9599999999996,382.75,0,90,47,3,14755.83,3364.213057539227,9
2017-03-02,26481.39,25548.284,78,100,10,22,9993.104093832562,250,7344.633857832562,-1291.106,1877.57,358,0,78,45,2,12210.35,2403.61049415082,8
2017-03-03,11909.93,11424.63,39,45,9,7,4320.519752245606,112.5,3047.0254822456054,-628.5,928.68,143.2,0,39,18,2,5333.9,1375.716836319112,1
2017-03-04,19341.01,18672.2,65,73,10,8,7343.596754534697,182.5,5273.882954534697,-870.8,1506.32,171.99,0,65,41,1,7451.37,1763.1833687930234,3
2017-03-05,38212.63,36826.95,119,148,12,29,14427.50117309299,370,10497.242956426322,-1892.6,2817.8766666666666,424.71999999999997,0,119,72,3,14121.880000000001,3333.8174810981454,7
2017-03-06,28913.92,28243.64,93,113,18,10,10874.894737325165,282.5,7806.109177325166,-1249,2215.8199999999997,332.55,246.17,93,52,4,11052.81,2426.772180960225,6
2017-03-07,32477.1026,31290.262600000002,99,122,17,17,11824.307119437934,305,8528.861504037934,-1583,2351.428,396.15999999999997,0,99,57,5,12688.53,2726.0396698105633,5
2017-03-08,30982.649999999998,30184.28,91,116,16,16,11462.79435162604,290,8388.643564959373,-1268.9,2164.0066666666667,410.5299999999999,0,91,53,3,15494.68,3124.152548393248,6
2017-03-09,31583.4526,30391.0626,102,123,9,10,11882.029136636149,307.5,8485.228321236149,-1436.1,2478.5599999999995,213.71,0,102,49,3,14107.56,3194.050322040311,3
2017-03-10,22934.59,22101.65,69,89,13,15,8560.710405994249,222.5,6268.442555994248,-1017.9,1624.62,132.76,0,69,46,2,7982.76,1564.091955564946,4
2017-03-11,29966.64,29236.839999999993,76,113,11,3,10877.80273147531,282.5,8074.437704808644,-1135.3,1921.5966666666666,427.0000000000001,-21.50000000000001,76,42,1,12601.57,2608.1767504606896,1
2017-03-12,34878.0578,33800.9878,111,132,19,11,13528.556871529672,330,9821.938225329672,-1400.5,2686.79,273.43,20.00000000000002,111,53,3,19425.53,4385.37297963446,6
2017-03-13,44674.1326,43619.3026,127,169,17,19,16037.476759221485,422.5,11672.099983821485,-1475.2,3049.7169999999996,448.87,-28.5,127,78,5,20078.1452,3956.314459406591,7
2017-03-14,54679.61,52946.85,149,211,18,33,19739.53881322729,527.5,14517.103496560623,-2272.6,3623.6766666666663,427.64,0,149,91,8,24339.91,5456.408018799831,10
2017-03-15,36290.9052,35078.8552,107,138,18,13,13668.86579515052,345,10062.112327683853,-1831.05,2548.066666666666,420,199,107,69,3,15573.898,3322.9372939748246,4
2017-03-16,24021.2278,23194.077800000003,81,92,18,11,9100.244663468156,230,6504.049740601489,-1127.4,1895.9666666666665,300.2500000000001,0,81,44,4,8626.78,2069.394009366751,6
2017-03-17,22546.46,21635.45,68,83,14,12,8231.02844954003,207.5,5959.66039954003,-1112.8,1619.04,201.79,0,68,39,2,8070.58,1983.595431737675,6
2017-03-18,20796.14,19892.809999999998,69,80,8,10,7909.124255069424,200,5667.936098402757,-1164.3,1640.2966666666666,260.97,0,69,38,1,10966.54,2653.022236999313,3
2017-03-19,44131.46,42485.020000000004,128,170,25,20,16500.448720532542,425,12109.89980719921,-2144.15,3107.483333333333,497.71,0,128,75,3,23064.6944,5143.069205204952,10
2017-03-20,37589.18,36581.9,112,144,16,34,14006.885042972872,360,10159.96860963954,-1464.4,2742.841333333333,457.1200000000001,0,112,54,4,21743.97,4817.1403536398,11
2017-03-21,33269.0678,32370.227800000004,103,131,20,26,12309.169418477097,327.5,8885.40614561043,-1332.4,2445.7266666666665,433.56,0,103,66,3,15330.5826,3244.2325699891503,9
2017-03-22,37905.159999999996,36646.81,105,145,14,12,13926.311921805254,362.5,10207.607765138588,-1713.8,2612.4466666666667,403.25,0,105,56,2,19492.170000000002,3782.2161854059323,3
2017-03-23,26212.8826,25100.5826,81,101,13,2,9816.528864233176,252.5,7120.562635499843,-1225.5,1937.7493333333332,113.2,0,81,48,4,10800.18,2564.543128384666,1
2017-03-24,21023.2026,20299.7426,79,85,12,7,8381.935430169686,212.5,5951.022894769686,-990.5,1816.72,237.04,0,79,47,5,7598.36,2002.5495777549042,2
2017-03-25,24467.559999999998,23461.620000000003,78,95,13,20,9303.820101789719,237.5,6750.246455123052,-1279.19,1844.6866666666665,273.25,0,78,46,3,12081.198,2282.586226534508,7
2017-03-26,51029.7778,49156.1578,155,189,23,23,19151.08567727953,472.5,13974.037101079532,-2430.65,3694.8199999999997,557.03,0,155,94,5,21102.46,4608.748959433971,7
2017-03-27,37928.5326,36549.0826,123,148,19,33,14237.282812912614,370,10172.817750845947,-1816.45,2960.1416666666664,436.9999999999999,0,123,65,5,16185.29,4205.187199059804,8
2017-03-28,52315.802599999995,50407.692599999995,160,204,29,35,19792.599954697263,510,14367.995202630596,-2260.6,3901.5816666666665,352.49,0,160,88,3,25395.99,5889.042035165625,12
2017-03-29,38815.25,37418.56,126,151,25,23,14372.189654012582,377.5,10266.556414012583,-1716.7,2975.195,320.01,0,126,75,6,19505.44,4399.858293481703,7
2017-03-30,35357.1704,33510.4404,114,138,29,12,13607.18208302304,345,9879.874311423042,-2127.28,2714.105,220.54999999999998,0,114,60,8,11357.905,2832.5773125913915,4
2017-03-31,46723.603,42034.204000000005,119,178,30,19,16361.490289672223,445,12209.888373672222,-5320.219,2879.21,510.82,0,119,65,5,20134.97,4156.226257511035,6
2017-04-01,34626.53,33533.504,106,135,12,24,12860.34244523516,337.5,9321.370829235158,-1684.196,2526,531.1699999999998,0,106,67,6,14010.15,2857.2186232156987,9
2017-04-02,54244.08,52636.87,174,215,37,35,20571.57814451398,537.5,14891.608914513981,-2430.5,4089,352.0900000000001,298.9999999999999,174,114,7,20648.9326,4470.499887044444,7
2017-04-03,48266.552599999995,46347.772600000004,156,193,30,23,18802.095375460925,482.5,13689.109970060927,-2163.8,3711,192.82,0,156,97,4,21098.12,5097.483766539138,6
2017-04-04,138441.6826,132961.268,535,649,107,94,62817.2919850386,1622.5,46221.7152130386,-7337.2746,12545,1586.86,0,535,349,16,49471.1854,14639.725101768481,30
2017-04-05,51798.232599999996,49620.39260000001,181,225,30,24,21465.16337413311,560,15657.97198873311,-3061.3,4301,557.2499999999999,236.21,181,114,3,22127.28,5231.234452160684,7
2017-04-06,43777.0526,42429.6826,127,172,29,3,16425.195403904778,430,12016.134608504779,-1752.2,3127,352.63,0,127,72,3,21081.25,4226.818845418248,1
2017-04-07,27157.829999999998,26349.039999999997,83,107,9,13,10029.169323789203,267.5,7279.9051637892035,-1240.15,1953.042,371.3599999999999,0,83,59,4,11230.9,2193.5460962151005,6
2017-04-08,24508.52,23514.82,80,95,13,8,9209.110952052655,237.5,6603.471172052655,-1082,1895.21,88.3,0,80,49,2,11307.9,2552.851525425295,4
2017-04-09,46539.3626,44759.8426,150,181,33,24,17369.127400032423,452.5,12491.581964632422,-2271.2999999999997,3525.21,286.79,204.99,150,94,9,20689.25,4584.590729801258,9
2017-04-10,38283.3852,37058.0152,117,146,28,17,14130.798732617932,365,10254.896291817931,-1663.2,2757.42,317.83,0,117,74,4,13189.86,2906.234848833059,6
2017-04-11,41904.9926,40446.2126,126,158,20,26,15688.91502256054,395,11376.62985716054,-1923.6000000000001,3091.945,412.62,0,126,62,2,19917.68,4444.046795900656,11
2017-04-12,46042.69,44307.22,138,176,20,39,16951.533700472937,440,12345.47932047294,-2197.39,3268.345,461.92,0,138,88,9,18087.420000000002,4037.0463560498183,11
2017-04-13,26840.9226,25798.4526,92,107,20,19,10283.144676470492,267.5,7330.154551070493,-1424.05,2172.735,270.58,0,92,54,2,11472.65,3182.0285597837455,7
2017-04-14,29040.625200000002,28002.9552,90,114,23,12,10828.392230117104,285,7816.686529317104,-1219.8,2165.42,182.13,0,90,53,3,11758.0526,2890.7563698516205,6
2017-04-15,28444.73,27438.79,81,110,19,22,10354.097845287202,275,7583.900435287202,-1243.1,1941.4725,207.16,0,81,52,1,14022.34,3383.495640674667,7
2017-04-16,32579.1326,31697.3366,99,125,21,18,12029.416804449189,312.5,8682.959043049188,-1370.626,2389.735,458.83,0,99,57,3,21480.01,4170.495812728483,6
2017-04-17,48525.9026,46695.6026,147,188,26,25,18053.424578326496,470,13107.807102926497,-2349.4,3535.045,489.09999999999997,0,147,90,5,22672.06,4594.422822247778,8
2017-04-18,37571.0252,36449.345199999996,110,146,23,38,13966.998705855412,365,10188.157695055412,-1630.85,2678.01,409.17,40,110,62,9,18258.81,3917.303215229466,9
2017-04-19,45390.312600000005,43752.922600000005,141,176,29,32,16944.55769783999,440,12240.150442439994,-2089.6,3382.7725,362.2099999999999,0,141,75,8,17627.54,4444.421150747774,9
2017-04-20,32151.3226,31386.822600000003,95,122,24,21,12030.659049098063,305,8795.336193698064,-1484.9,2288.505,421.4,299,95,56,6,14260.41,2926.037365524501,9
2017-04-21,22468.762600000002,21914.932600000004,69,86,12,16,8357.840313195182,215,6045.304267795182,-911.3,1651.203,297.48,59.99,69,44,1,7696.89,1853.965574529404,4
2017-04-22,31055.9926,30191.3826,91,115,27,14,11430.821953052213,287.5,8355.806857652213,-1142.3,2164.965,217.69,0,91,53,5,15746.436600000001,3799.3066933373293,6
2017-04-23,57097.24,55130.78,170,217,41,42,21070.611371057257,542.5,15370.363751057257,-2523.7,4036.355,497.24,-180.0000000000002,170,111,6,25223.6,5479.092255780845,16
2017-04-24,40575.62,39491.668,126,155,24,9,15102.637020639908,387.5,10906.988648639908,-1701.532,3003.89,617.58,0,126,78,5,17304.87,4137.5920410084855,1
2017-04-25,42905.2404,41355.3404,138,169,28,11,16152.167777432811,422.5,11622.49290583281,-1955.4,3279.67,375.5,0,138,92,3,16962.13,3868.3321019491727,4
2017-04-26,44590.8926,43426.5926,129,174,22,47,16480.192468422643,432.5,12011.828783022642,-1917.3,3157.0925,730.8,0,129,80,4,19923.15,4070.178429309427,11
2017-04-27,32739.8726,31544.6526,113,124,23,25,12330.355451396961,310,8771.630525996961,-1678,2606.73,482.78,0,113,75,5,12591.31,3187.7822150360557,10
2017-04-28,21590.2126,20971.2726,70,83,15,16,8052.866023312133,207.5,5770.099117912133,-978.3,1649.7,329.36,0,70,45,1,6374.83,1550.053686517833,4
2017-04-29,25536.6752,24732.7252,79,98,15,11,9748.187176834617,245,7110.948146034617,-1144.5,1890.5900000000001,318.35,0,79,52,1,9444.73,2191.4028833451,6
2017-04-30,37651.15,36638.630000000005,116,145,27,37,14060.26582499497,362.5,10143.885554994971,-1894.91,2810.36,422.39,460,116,70,2,19076.73,4592.30660152243,13
2017-05-01,37585.8426,36370.2626,121,146,29,36,14004.238245815794,365,9974.290630415793,-1663.25,2931.4100000000003,253.26999999999998,0,121,64,7,16107.800340000002,4488.56372917618,0
2017-05-02,42056.44,40858.35,130,164,28,42,15782.31224616442,410,11390.920096164418,-2034,3157.3,775.91,0,130,78,4,17898.4086,5032.936709429507,0
2017-05-03,30699.59,30395.64,92,118,13,29,11294.266743702463,295,8151.073183702462,-1487.3500000000001,2226.32,599.4,554,92,60,3,13381.4175,3495.8447394983477,0
2017-05-04,24436.4326,23594.7426,83,95,20,17,9355.105213496321,237.5,6681.927678096321,-1303.25,1960.43,421.57,9.99,83,52,3,8997.840090000002,2523.550197013239,0
2017-05-05,21006.81,20016.16,72,84,17,17,7986.907827117281,210,5754.119187117281,-1229.2,1627.1200000000001,208.55,0,72,55,5,4216.347,1184.5878253418093,0
2017-05-06,25195.2426,24229.3646,80,99,24,21,9550.89301687941,247.5,6901.741443479411,-1205.518,1916.8000000000002,209.64000000000001,0,80,45,4,9678.3003,2737.8070705636783,0
2017-05-07,39791.18519999999,38888.3852,123,153,35,27,14693.606873479097,382.5,10571.113702679097,-1837.25,2948.83,605.45,299,123,75,7,15488.73675,4164.720838695608,0
2017-05-08,26415.8226,25545.7366,89,102,25,23,10120.729748334183,255,7226.613386934183,-1191.966,2122.69,321.88,0,89,48,6,10782.456,3100.314327530137,0
2017-05-09,27031.77,26138.12,84,103,16,25,9997.831895663901,257.5,7207.2864156639025,-1295.7,2001.64,402.05,0,84,56,3,10252.781999999997,2806.9472462415074,0
2017-05-10,18191.2126,17334.3006,68,72,17,17,6896.493141930301,180,4809.918424530301,-1087.272,1562.28,148.16,0,68,44,4,5155.6122,1401.65485776937,0
2017-05-11,19379.2878,18689.7178,70,74,19,16,7487.933334977189,185,5309.0315187771885,-901.7,1614.7,122.13,0,70,42,4,5494.55652,1608.037316502664,0
2017-05-12,18350.0626,17770.732600000003,59,69,16,16,6728.144804862556,172.5,4855.243559462556,-900.7,1336.8500000000001,145.37,55.9999999999999,59,43,5,3981.8130000000006,1115.3493088165349,0
2017-05-13,15861.150000000001,15322.960000000001,51,59,14,18,5797.717678112586,147.5,4143.711838112586,-685.65,1191.94,87.46000000000001,0,51,34,2,5174.262000000001,1372.8727642576541,0
2017-05-14,18782.969999999998,18190.12,55,69,22,15,6799.377671240454,172.5,4974.115857907121,-843.5,1277.0483333333334,250.65,0,55,40,1,5157.8865,1528.2308451371011,0
2017-05-15,17739.5,17094.77,60,69,14,16,6681.699745250984,172.5,4761.501415250984,-835.85,1403.75,131.12,0,60,39,4,5879.394,1477.1967252669697,0
2017-05-16,22322.045199999997,21662.615200000004,69,85,17,16,8255.63052126414,212.5,5932.208966178426,-981,1669.7057142857143,321.57,0,69,41,2,9514.224822857144,2488.185488151487,0
2017-05-17,15371.622599999999,14769.652600000001,55,60,14,14,5766.772082657773,150,4082.292157257773,-696.4,1238.16,34.43,0,55,43,2,3044.7870000000003,858.9460964420291,0
2017-05-18,16973.2052,16511.4552,55,67,11,16,6395.478767277712,167.5,4608.559066477712,-723.9,1287.9875,202.1499999999999,0,55,34,2,5446.413,1424.7019811080086,0
2017-05-19,15878.5778,15445.437800000002,46,62,9,12,5834.341380456935,155,4240.841184256936,-586,1126.9825,152.86,0,46,27,1,6769.591020000001,1857.6308332105962,0
2017-05-20,9325.0326,9871.1726,30,36,7,7,3505.8453921274327,90,2490.5263867274325,-284,718.255,82.28,687.86,30,18,2,3992.814,1018.7666700776751,0
2017-05-21,15009.302599999997,14240.5806,45,59,13,18,5578.48029070474,147.5,4051.820119971406,-859.2520000000001,1095.9833333333333,90.53,0,45,26,1,5985.6636,1739.4359904116852,0
2017-05-22,16614.3652,16210.6952,58,63,13,14,6219.788890467631,157.5,4355.845396334297,-799.4,1374.9333333333334,275.7299999999999,0,58,30,5,6498.621,1723.002890643884,0
2017-05-23,16319.1826,15769.3426,54,64,12,9,6119.58265590072,160,4377.250053834054,-721.3,1265.8216666666667,111.46,0,54,33,2,5007.4785,1420.237276625288,0
2017-05-24,13211.3926,12566.1726,43,51,6,12,4872.910221749726,127.5,3502.251216349725,-554.15,990.94,135.73,-248.9999999999999,43,31,4,2991.6225,892.5941130271186,0
2017-05-25,9254.272599999998,8921.566599999998,33,36,10,5,3433.431229363299,90,2408.225797963299,-469.276,755.6800000000001,106.57,0,33,21,2,2389.0860000000002,627.9279499557423,0
2017-05-26,7609.4326,7232.112600000001,25,30,7,7,2856.666902906157,75,2018.085637506157,-430.5,619.8500000000001,53.18000000000001,0,25,11,2,3590.703000000001,973.6194749282556,0
2017-05-27,7096.0426,6839.1226,24,27,9,4,2756.6917193926392,67.5,1987.0771639926388,-370.4,563.1800000000001,83.48,0,24,16,1,2357.9212500000003,711.2497795997077,0
2017-05-28,9499.22,9086.646,29,37,11,13,3491.700338481275,92.5,2532.3976044812753,-449.924,684.6900000000002,37.35,0,29,19,4,3023.523,817.2775815392719,0
2017-05-29,11046.29,10617.56,38,41,10,10,4064.7330737627244,102.5,2876.413833762724,-594.25,868.11,105.52,0,38,25,5,2513.8215,660.936183142496,0
2017-05-30,11944.3052,11520.5752,43,46,7,8,4441.858875056914,115,3063.192194256914,-679.5,1030.77,195.77,0,43,22,1,5114.054340000001,1378.7523828204778,0
2017-05-31,13229.4626,12438.1386,46,52,11,7,4919.627093175073,130,3477.0810737750735,-960.854,1066.24,139.53,0,46,28,6,3356.6517,1017.187462043295,0
2017-06-01,10473.222600000001,10162.7066,32,41,7,9,3907.472882162544,102.5,2804.374390762544,-382.966,796.0800000000002,72.45,0,32,18,1,5116.377600000001,1372.8939659602195,0
2017-06-02,8414.32,8367.16,26,35,7,6,3118.665139848294,87.5,2263.077499848294,-324,602.44,47.84,229,26,17,2,2185.3139999999994,517.2348582583868,0
2017-06-03,12612.3066,12235.186600000001,31,50,19,8,4554.554622969577,125,3414.5192115695777,-528.4,770.215,82.28,38.99999999999998,31,19,1,4522.2246000000005,1273.9274943899466,0
2017-06-04,10839.49,10332.8,39,43,6,4,4287.836917464395,107.5,3029.1257174643947,-565.85,946.1600000000001,79.06,-49.9,39,19,1,4984.776,1462.2888698034678,0
2017-06-05,12112.0006,11930.0206,40,48,19,1,4473.297895890451,120,3184.1772984904514,-577.81,928.75,96.83,269,40,24,2,3598.38,899.6745460366542,0
2017-06-06,11795.1756,11566.204800000001,30,46,8,5,4276.0292010317,115,3158.6092618316993,-602.6,768.2,122.47,11.1592,30,17,0,5657.525208000002,1487.0439903865336,0
2017-06-07,8179.222,7713.022,27,34,8,4,3056.68950852947,85,2198.93187052947,-519.01,623.88,52.81,0,27,19,1,1881.0558,546.9074427616694,0
2017-06-08,11320.894,10971.888,36,44,8,6,4255.858287494935,110,3087.633535494935,-531.646,836.8400000000001,122.64000000000004,0,36,25,2,3132.972,884.2359418616232,0
2017-06-09,7507.859999999999,7238.79,25,29,10,1,2819.3033218012715,72.5,1994.6784118012713,-398.4,606.0000000000001,129.33,0,25,13,1,3249.288,847.324334420351,0
2017-06-10,5017.5152,4964.6452,16,20,6,4,1929.4020346778425,50,1401.3873238778426,-309.1,378.04,16.13,150.10000000000002,16,10,3,1650.555,464.94390425211856,0
2017-06-11,7578.9126,7589.6126,24,29,8,6,2910.013461761283,72.5,2115.504696361283,-316.9,565.71,0,267.6,24,17,0,2453.73534,659.9449729321713,0
2017-06-12,10396.0326,10064.8226,32,39,7,5,3775.8525266595993,97.5,2685.0426712595995,-529,787.2300000000001,137.79,0,32,15,3,4409.443499999999,1176.6400036238877,0
2017-06-13,8128.444,7910.198000000001,25,31,7,7,3017.599107688561,77.5,2172.903365688561,-355.746,606.0000000000002,137.4999999999999,0,25,17,0,3366.252000000001,912.8800165023156,0
2017-06-14,9761.024,9724.638,29,35,10,5,3502.002109224412,87.5,2512.7276072244117,-474.666,696.7600000000001,94.28,314,29,15,3,3875.2530000000006,922.9718872028222,0
2017-06-15,7442.7166,7189.0846,27,31,6,3,2959.5802111000035,77.5,2115.6167577000037,-305.832,626.1800000000001,0,0,27,19,2,1721.205,487.06024448184456,0
2017-06-16,7353.2746,6982.4546,26,28,3,3,2820.868629570672,70,1980.2374461706718,-455.5,629.74,54.68,0,26,13,1,3242.4156,931.7743835109336,0
2017-06-17,5349.91,5222.51,17,22,4,5,2020.3352123039936,55,1457.8024223039936,-187.4,404.48,0,0,17,11,1,1606.221,457.0841177262623,0
2017-06-18,4361.96,4148.24,16,17,3,3,1591.4430181353287,42.5,1108.0040581353287,-250.4,358.04,36.68,0,16,13,0,719.1,188.523,0
2017-06-19,9651.1726,9210.8126,30,37,8,2,3659.844052301017,92.5,2657.2804869010174,-555.35,724.35,114.99,0,30,16,1,3681.8145,1002.2778008945323,0
2017-06-20,8588.988,8207.7066,27,33,4,5,3283.730615555639,82.5,2364.627124155639,-641.5214,671.1800000000001,222.0000000000001,8.24,27,15,0,4257.927,1176.4519692250067,0
2017-06-21,6325.3992,6050.8532,22,24,6,4,2419.9834520986146,60,1719.4787092986148,-392.376,517.83,27.83,0,22,13,1,1882.0386,558.6352619171158,0
2017-06-22,10350.9718,9914.732800000002,31,39,8,11,3872.948324249747,97.5,2816.0144063830803,-434.359,757.7066666666668,67.28,-69.16,31,20,0,4089.534240000001,1177.7553750940447,0
2017-06-23,5669.01,5539.584,18,22,5,2,2140.9629152248417,55,1546.0699792248417,-245.386,427.64500000000004,115.96000000000001,0,18,13,0,2074.32,531.4311532829528,0
2017-06-24,7144.948,6943.208,21,27,4,2,2631.2889936335987,67.5,1914.6709616335986,-317.5,507.165,99.76,16,21,15,1,2074.6026,600.637285015958,0
2017-06-25,3905.674,3770.904,15,16,5,2,1585.4345427861233,40,1111.2283267861233,-217.5,360.05,22.73,0,15,8,1,1430.181,423.78290060547835,0
2017-06-26,8685.039999999999,8302.15,29,33,7,1,3412.180723268984,82.5,2434.4250399356506,-479.35,727.0933333333335,66.46000000000001,0,29,13,2,4316.751,1278.585240681055,0
2017-06-27,8014.846600000001,7693.406600000001,25,31,7,5,3026.7465909267376,77.5,2154.1711328600704,-399.9000000000001,640.1666666666667,78.46000000000001,0,25,8,2,3669.326940000001,1036.1079098131988,0
2017-06-28,8969.892600000001,8709.3506,32,36,8,9,3418.2313520858984,90,2386.1801846858984,-411.012,768.68,90.47,0,32,21,4,2602.903499999999,675.5362767447009,0
2017-06-29,5669.934,5410.3886,18,23,3,5,2243.663834917848,57.5,1631.117565517848,-317.4454,448.745,57.900000000000006,0,18,10,1,1996.6950000000002,581.4354784342084,0
2017-06-30,4673.7766,4460.6606,18,19,8,1,1799.911756412314,47.5,1213.232599012314,-330.586,451.62,117.47,0,18,8,1,1918.0386,514.5688076986735,0
2017-07-01,4393.856,4315.025999999999,14,18,6,4,1720.7085175387645,45,1233.9127635387645,-130.5,356.26,21.67,0,14,5,2,0,0,0
2017-07-02,7098.04,7009.27,23,28,7,1,2703.788792252391,70,1937.5499622523907,-290.6,554.57,81.83,0,23,18,0,0,0,0
2017-07-03,7161.9252,6891.3652,25,29,4,2,2815.914024897072,72.5,1982.614434097072,-338.75,624.75,68.19,0,25,12,3,0,0,0
2017-07-04,5427.822600000001,5246.572600000001,19,22,6,1,2055.8071595942806,55,1432.8465541942808,-294.42,464.21,53.17,0,19,13,2,0,0,0
2017-07-05,8181.572599999999,7870.802599999999,29,34,6,7,3245.5986712356666,85,2292.0353958356663,-416,715.11,75.23,0,29,20,2,0,0,0
2017-07-06,6177.534,5869.664,23,24,7,2,2463.277732799898,60,1741.2874767998978,-381.6,544.57,13.73,0,23,16,2,0,0,0
2017-07-07,7452.2726,7050.4152,27,28,7,2,2772.9970309922837,70,1910.2049901922837,-458,649.93,18.75,7.3926,27,19,1,0,0,0
2017-07-08,6699.07,6826.240000000001,19,24,3,4,2372.9422728835584,60,1658.5713128835582,-230.5,509.21,118.67,239,19,8,0,0,0,0
2017-07-09,6706.9326,6460.466600000001,20,26,6,3,2499.2765276215264,65,1777.3229962215264,-331.746,526.8,55.28,0,20,9,1,0,0,0
2017-07-10,8767.98,8551.44,29,33,7,6,3218.995007693197,82.5,2235.9932476931967,-364,725.11,117.46000000000001,0,29,19,0,0,0,0
2017-07-11,9110.9,8843.29,26,36,5,9,3401.30185451529,90,2456.70644451529,-364,677.34,96.39,0,26,14,2,0,0,0
2017-07-12,4962.82,4731.9,18,20,3,4,1999.159438377354,50,1407.4343383773542,-250.8,448.5,19.88,0,18,8,2,0,0,0
2017-07-13,8944.489800000001,8352.959800000002,26,37,8,8,3320.0504672933266,90,2396.234633093327,-724.5200000000003,670.78,102.99,0,26,14,2,0,0,0
2017-07-14,4702.4252,4541.6152,18,18,5,2,1742.430271269745,45,1158.703430469745,-218.5,446.62,57.69,0,18,10,0,0,0,0
2017-07-15,5818.6926,5658.6726,22,23,7,5,2212.7525195586622,57.5,1504.7710141586622,-214.7,536.98,24.68,0,22,14,1,0,0,0
2017-07-16,6434.7346,6236.4172,24,27,3,4,2644.0348735360017,67.5,1849.478774736002,-218.1974,605.6,19.88,0,24,13,1,0,0,0
2017-07-17,7105.5960000000005,6740.0960000000005,23,28,7,8,2700.585073442366,70,1922.152289442366,-365.5,574.57,0,0,23,12,2,0,0,0
2017-07-18,9584.74,9629.670000000002,28,37,7,7,3600.09239018448,92.5,2562.2119601844797,-433.3,747.52,185.13,233.1,28,12,2,0,0,0
2017-07-19,11681.996600000002,10165.810600000004,32,45,9,22,4146.54182451305,110,3023.253317113051,-1547.986,815.28,31.8,0,32,18,1,0,0,0
2017-07-20,11173.279999999997,10004.463999999994,28,43,8,11,3880.849291549277,107.5,2884.139835549277,-1736.6060000000002,693.68,41.19,460,28,20,2,0,0,0
2017-07-21,13239.800000000001,11604.690000000002,37,51,8,6,4811.884835983387,127.5,3561.4388259833877,-1950.1899999999998,898.61,105.08,0,37,23,3,0,0,0
2017-07-22,7865.34,7546.47,25,29,5,4,2975.035614098834,72.5,2156.3179840988337,-509.5999999999999,591.17,49.730000000000004,21,25,17,1,0,0,0
2017-07-23,13320.939200000004,10671.0326,31,53,21,16,4734.045214674665,132.5,3619.3952692746643,-2721.4566,789.29,71.55,0,31,13,4,0,0,0
2017-07-24,15098.504400000002,12922.111799999999,34,59,21,1,5382.54208109032,147.5,4159.80083889032,-2440.3526,830.3000000000001,173.96,0,34,20,5,0,0,0
2017-07-25,11012.158,10159.348,31,44,8,3,4067.334243751825,110,3005.4231517518247,-1314.6200000000003,754.09,166.81,265,31,15,4,0,0,0
2017-07-26,13456.193799999997,11857.553800000002,33,49,10,7,4872.753961396913,122.5,3708.494901196913,-1701.7000000000005,805.69,73.06,0,33,19,3,0,0,0
2017-07-27,15795.235200000001,13537.739199999996,32,60,14,7,5142.8030136085845,140,3912.9685768085847,-2456.696,820.44,80.4,0,32,16,1,0,0,0
2017-07-28,13006.5492,10802.6478,31,50,9,7,4719.649105146797,125,3655.8623189467976,-2282.4514,735.51,65.11,-16.56000000000001,31,19,3,0,0,0
2017-07-29,10329.828599999997,9255.522000000004,28,42,11,4,3830.608080020209,105,2879.517942020209,-1255.9265999999998,670.08,151.62000000000006,0,28,19,0,0,0,0
2017-07-30,14182.898200000005,11662.773000000003,33,58,17,8,5107.180624738828,145,3952.1102077388277,-2600.0052,799.45,79.88,0,33,21,1,0,0,0
2017-07-31,24829.463799999998,21140.2778,58,99,27,8,8875.111725066276,247.5,6827.603668866275,-4414.036,1404.74,170.32999999999998,494.5199999999999,58,34,3,0,0,0
2017-08-01,11190.605199999998,11004.6752,36,43,14,2,4230.480798583908,107.5,3071.365217783908,-675.36,827.08,251.4299999999999,208,36,20,6,0,0,0
2017-08-02,7297.7658,7070.1658,27,29,8,6,2845.5965086472033,72.5,2009.0517004472035,-311,622.8100000000001,53.400000000000006,0,27,16,1,0,0,0
2017-08-03,12950.7352,12831.4752,42,50,10,6,4742.906893354567,125,3362.5341125545665,-673.1,993.26,129.84,274,42,23,2,0,0,0
2017-08-04,10715.772,10376.092,36,41,7,0,4071.810417723005,102.5,2901.523749723005,-432.4,857.08,92.72,0,36,19,2,0,0,0
2017-08-05,11065.262599999998,10901.612599999999,27,43,7,0,3891.0358777048573,102.5,2884.7791123048573,-409.3,677.81,215.64999999999992,0,27,13,2,0,0,0
2017-08-06,9279.3892,9430.2692,33,34,7,0,3623.045768822522,85,2585.3779620225223,-595.5,753.99,155.42,590.96,33,21,0,0,0,0
2017-08-07,14149.5,14267.69,46,55,6,0,5149.737455647861,132.5,3627.69444564786,-794.8,1092.38,100.93,782.059999999999,46,25,2,0,0,0
2017-08-08,14259.463999999998,13965.454000000002,41,53,7,0,5279.189487682498,132.5,3851.0613216824986,-523,1007.23,178.53,-1.74,41,22,2,0,0,0
2017-08-09,10747.65,10272.41,31,39,11,0,3882.4867719166896,97.5,2836.4868819166895,-558.65,736.4,53.41,0,31,19,0,0,0,0
2017-08-10,8170.534,8192.948,24,29,4,0,3017.375313651133,72.5,2186.359821651133,-349.096,584.72,72.51,299,24,11,2,0,0,0
2017-08-11,11300.3326,10974.742600000001,34,43,8,0,4263.265609285778,107.5,3132.0780738857775,-450,800.02,142.78,-18.369999999999962,34,24,1,0,0,0
2017-08-12,8485.354,7979.884000000002,24,32,8,4,3071.066485314524,80,2281.3898493145243,-606.5000000000002,548.66,101.03,0,24,17,1,0,0,0
2017-08-13,8063.4252,7723.2992,26,30,6,8,2953.375458977051,72.5,2098.9197821770513,-454.306,621.78,114.18,0,26,13,1,0,0,0
2017-08-14,14683.0358,14956.353800000003,44,57,16,8,5478.038521579833,142.5,3992.4142613798335,-732.472,1034.79,221.7899999999999,784,44,21,5,0,0,0
2017-08-15,8815.2166,8695.3066,30,34,6,4,3331.6456791076143,85,2353.3817877076144,-330.6,715.9000000000001,158.49,0,30,16,1,0,0,0
2017-08-16,11501.5506,11000.340600000001,39,45,5,8,4402.272706788541,110,3155.952829388541,-611.61,914.11,80.4,0,39,22,1,0,0,0
2017-08-17,7195.2126,7035.9926000000005,26,28,8,4,2709.1440901472815,70,1894.920304747282,-261,601.78,101.78,0,26,17,0,0,0,0
2017-08-18,9899.295199999999,9448.4352,30,40,8,0,3680.9771578142236,100,2689.602537014224,-555.8,705.37,74.94,0,30,18,1,0,0,0
2017-08-19,7866.204599999999,7540.954600000001,25,30,6,3,3015.9721200483723,75,2214.1244366483725,-365.6,574.16,40.35,0,25,16,1,0,0,0
2017-08-20,7424.560000000001,7076.560000000001,23,28,6,5,2740.9696725082777,70,1975.7794325082775,-348,551.57,0,0,23,13,1,0,0,0
2017-08-21,13239.1092,12769.7638,45,49,15,14,5091.474908206894,122.5,3641.691758006894,-593.2454,1064.76,93.9,0,45,25,0,0,0,0
2017-08-22,13904.23,13577.35,40,52,7,17,5133.483961655594,130,3750.890811655594,-617.9,973.2499999999999,231.02,0,40,22,0,0,0,0
2017-08-23,11479.039199999997,11478.2218,37,44,11,6,4307.235511761376,110,3099.947079561376,-550.4,861.22,258.63,260.9526,37,22,2,0,0,0
2017-08-24,15976.661800000002,15902.2618,41,60,12,9,5855.568040755912,150,4335.832448555912,-553.41,1040.57,250.0100000000001,199,41,21,1,0,0,0
2017-08-25,7978.69,7550.82,24,29,7,4,2771.9576589519147,72.5,1984.1038789519143,-472.5,560.1800000000001,44.63,0,24,11,2,0,0,0
2017-08-26,8218.210000000001,7986.379999999999,24,30,10,8,2938.191483813933,75,2133.9964638139327,-431.5,563.5899999999999,169.67,0,24,13,2,0,0,0
2017-08-27,6031.74,5702.99,23,23,5,3,2322.6531715556134,57.5,1615.1564615556138,-425.95,535.21,58.2,9,23,11,0,0,0,0
2017-08-28,14196.6426,13451.952600000002,40,56,5,6,5176.499443613609,140,3793.5328182136095,-641.5,976.0599999999998,139.8099999999999,-242.9999999999999,40,23,0,0,0,0
2017-08-29,12054.8866,11699.7706,39,46,6,12,4626.052170458233,115,3334.748823058233,-470.026,938.2099999999999,84.91,0,39,15,3,0,0,0
2017-08-30,9617.0232,9022.2632,32,38,11,2,3666.739596408137,95,2642.163963608137,-624.76,751.53,0,0,32,19,0,0,0,0
2017-08-31,9827.405999999999,9521.5546,30,39,12,1,3646.705909209793,97.5,2673.880825809793,-479.41139999999996,684.9999999999999,113.56,0,30,21,3,0,0,0
2017-09-01,10044.824,9696.331999999999,30,38,6,0,3776.2711314430294,95,2793.6775034430293,-428.832,689.9999999999999,80.34,0,30,18,2,0,0,0
2017-09-02,7410.2746,7249.3846,28,32,6,3,2928.4015814987547,80,2054.5694280987545,-223,654,32.11,0,28,14,1,0,0,0
2017-09-03,8369.249999999998,8064.048399999999,26,33,6,5,3272.080346591109,82.5,2405.322942991109,-426.1116,622.9999999999999,120.91,0,26,14,1,0,0,0
2017-09-04,16241.164,15583.514,54,64,12,4,6066.3755398087205,160,4388.25363380872,-844.94,1207,159.17,-1.88,54,42,1,0,0,0
2017-09-05,8099.1384,7717.6664,28,33,7,3,3022.7501787652463,82.5,2155.0378531652464,-381.472,634,0,0,28,19,1,0,0,0
2017-09-06,11062.484000000004,10684.217999999995,29,42,6,3,3984.4994598243024,105,2947.5571378243026,-443.06600000000003,714.5,34.8,0,29,17,0,0,0,0
2017-09-07,13678.2846,13539.414599999998,38,53,8,0,4966.3905861800195,132.5,3678.8475627800194,-465.5,878.9999999999999,34.370000000000005,292.26,38,31,0,0,0,0
2017-09-08,10517.502600000002,9827.162600000001,25,40,6,0,3667.014197634236,100,2722.526482234236,-586.3000000000002,647.4999999999998,94.96000000000011,-228.9999999999999,25,13,0,0,0,0
2017-09-09,8515.3366,8268.1266,29,32,9,3,3185.872716708198,80,2281.997045308198,-348,654.5,116.79,-16,29,18,1,0,0,0
2017-09-10,10055.2746,9581.5246,36,40,5,2,3937.966787765053,100,2820.102574365053,-575.1,828,101.35,0,36,17,2,0,0,0
2017-09-11,9859.6266,9551.1865999999991,29,39,11,4,3664.363468677204,97.5,2691.179057277204,-410,684.5,71.56,0,29,16,1,0,0,0
2017-09-12,11182.124,10611.2306,37,43,5,7,4158.831693188004,107.5,2979.706005788004,-621.4434,858.4999999999999,20.55,0,37,21,2,0,0,0
2017-09-13,8595.724600000001,8313.924600000002,24,34,12,0,3119.624706097079,85,2311.3208926970797,-352.6,556.9999999999998,40.8,0,24,15,2,0,0,0
2017-09-14,10036.0652,9644.8872,31,38,10,0,3749.575554354918,95,2712.973825554918,-421.178,745.5,0,0,31,16,0,0,0,0
2017-09-15,7754.5,7471.73,28,30,3,0,3083.7722292433205,75,2199.0920592433204,-332.5,658.9999999999999,49.730000000000004,0,28,11,2,0,0,0
2017-09-16,8457.729200000002,8048.959200000001,26,35,7,0,3184.209311901894,87.5,2292.2894951018943,-449.5,647.9999999999999,40.730000000000004,0,26,11,1,0,0,0
2017-09-17,5767.17,5572.77,22,22,6,0,2253.1730151957727,55,1603.9626851957726,-303.5,481,109.1,0,22,14,2,0,0,0
2017-09-18,13783.6892,13331.379199999998,46,53,10,0,5268.586646631629,132.5,3798.076649831629,-645.15,1068,162.84,0,46,26,2,0,0,0
2017-09-19,11008.7766,10659.4566,30,40,12,0,4026.6969852115826,100,2970.5727438115828,-462.5,734.9999999999999,74.87,38.31000000000002,30,13,2,0,0,0
2017-09-20,8372.06,8024.474,29,33,6,0,3161.7242216215645,82.5,2239.6144756215645,-356.166,679.4999999999999,21.38,-35,29,15,1,0,0,0
2017-09-21,9596.9426,9408.6926,30,37,9,0,3658.480685180126,92.5,2654.528599780126,-336,720,216.25,-68.5,30,15,1,0,0,0
2017-09-22,6682.4066,6477.6312,21,26,8,0,2457.227872342345,65,1786.076567542345,-248.5754,475.5,13.8,0,21,11,3,0,0,0
2017-09-23,6020.699999999999,5579.453999999999,19,23,4,0,2248.392751293859,57.5,1660.188585293859,-212.246,419.49999999999994,0,-229,19,15,1,0,0,0
2017-09-24,11976.0126,11581.9926,34,44,9,0,4368.177060452771,110,3217.099275052771,-459.5,802,35.480000000000004,0,34,23,0,0,0,0
2017-09-25,16071.4598,15470.239800000001,46,59,10,0,5852.170428828852,147.5,4282.833474628852,-741,1103,185.02,-45.24,46,25,0,0,0,0
2017-09-26,9189.3426,9123.5166,32,36,13,0,3573.4253960180254,90,2572.0434146180255,-402.836,726,63.150000000000006,213.86,32,19,2,0,0,0
2017-09-27,10012.4552,9495.215199999999,35,40,10,0,3735.5019622331533,100,2675.6407214331534,-585.05,772.5,67.81,0,35,21,3,0,0,0
2017-09-28,5250.224,5021.884,19,20,4,0,1953.8927981538757,50,1372.7581621538757,-274,429.5,40.66,-25,19,11,1,0,0,0
2017-09-29,5366.7726,5157.9826,18,20,4,0,2061.829926322219,50,1472.248430922219,-249,434,40.21,0,18,7,0,0,0,0
2017-09-30,6295.6246,5926.8332,24,25,6,0,2505.130853436254,62.5,1808.7526906362536,-417.8414,517,19.05,0,24,18,2,0,0,0
2017-10-01,7293.6006,6759.770600000001,25,29,8,0,2803.8017459861217,72.5,2041.5683985861217,-533.83,557.4999999999999,0,0,25,17,1,0,0,0
2017-10-02,9957.607999999998,9600.462,32,39,6,0,3724.383996450814,97.5,2683.270598450814,-465.306,751,78.16,0,32,18,2,0,0,0
2017-10-03,4223.374,4152.034,16,17,1,0,1609.960685049388,42.5,1131.451699049388,-124,353,52.66,0,16,11,0,0,0,0
2017-10-04,9452.926599999999,9183.2166,28,36,6,0,3483.690468119572,90,2547.5771867195717,-436,658.9999999999998,114.09,0,28,17,2,0,0,0
2017-10-05,8183.373999999998,7972.403999999999,24,31,6,0,3011.8369404319583,77.5,2209.337224431958,-335.09999999999997,561.9999999999998,124.1300000000001,0,24,13,1,0,0,0
2017-10-06,8957.7732,8593.7372,31,35,9,0,3595.1159623192216,87.5,2619.8975835192214,-354.586,715.4999999999999,19.05,-58.5,31,19,0,0,0,0
2017-10-07,6914.6286,6692.7786,23,27,5,0,2692.371521351058,67.5,1983.680941951058,-299.71,506.5,77.86,0,23,16,0,0,0,0
2017-10-08,8884.4952,8573.8352,28,34,6,0,3435.6894316329963,85,2517.8482108329963,-355.59,659,14.93,0,28,17,0,0,0,0
2017-10-09,7345.8066,7044.8566,29,31,8,0,2916.6744416386277,77.5,2058.573600238628,-351.2,644.5,20.25,0,29,20,1,0,0,0
2017-10-10,9992.9926,9586.4486,31,36,8,0,3700.9033176625085,90,2726.5963082625085,-584.394,685.5,147.85,0,31,22,1,0,0,0
2017-10-11,9836.6752,9488.2192,31,39,5,0,3955.8615780032196,97.5,2953.5032212032197,-447.50600000000003,715.5,20.55,18.5,31,16,4,0,0,0
2017-10-12,9259.199200000003,8782.911200000002,30,39,8,0,3823.0427632868004,97.5,2866.6383384868004,-558.8679999999999,690,52.58,0,30,19,4,0,0,0
2017-10-13,9713.834,9258.444,22,38,6,0,3346.0214016945056,95,2530.1265256945057,-619.9000000000001,535.9999999999999,178.5099999999999,-14,22,13,3,0,0,0
2017-10-14,5418.2226,5093.5846,23,24,7,0,2182.1067535916795,60,1530.6928001916797,-359.478,496.5,34.84,0,23,17,2,0,0,0
2017-10-15,8873.836599999999,8412.264599999999,31,37,11,0,3449.7341612771806,92.5,2519.1784878771805,-538.612,675.5,77.03999999999999,0,31,23,4,0,0,0
2017-10-16,8208.154,7787.414000000001,29,36,5,0,3412.3934570625497,90,2536.2584510625497,-510.3,639.4999999999999,37.36,0,29,21,2,0,0,0
2017-10-17,7498.26,7080.534000000001,22,28,5,0,2867.4749459970258,70,2147.7394599970257,-434.90600000000006,506,17.18,0,22,12,2,0,0,0
2017-10-18,9203.93,8799.704,27,39,3,0,3596.422521468623,97.5,2681.031105468623,-491.15599999999995,648.5,56.93,0,27,17,2,0,0,0
2017-10-19,4113.8926,3995.6326,17,19,4,0,1694.1261424668942,47.5,1189.0527970668943,-202.11999999999995,383.5,53.86,-30.00000000000001,17,10,0,0,0,0
2017-10-20,7027.3052,6754.7492,24,31,9,0,2953.2015463396992,77.5,2201.0138195396994,-376.28599999999994,547,73.73,0,24,16,0,0,0,0
2017-10-21,6195.390399999998,6163.280399999999,19,26,9,0,2343.735604158422,65,1727.700472558422,-224.11,429.5,102,0,19,11,2,0,0,0
2017-10-22,7411.7278,7152.3918,29,31,7,0,2935.83552785232,77.5,2094.61616565232,-376.046,624.5,116.71,0,29,21,3,0,0,0
2017-10-23,7183.864,6719.188,23,27,5,0,2759.123478195647,67.5,2054.667026195647,-483.72599999999994,501.5,19.05,0,23,17,2,0,0,0
2017-10-24,5978.49,5848.18,16,24,3,0,2201.4938122387243,60,1666.6965922387244,-207.50000000000003,358,77.19000000000004,0,16,12,1,0,0,0
2017-10-25,8122.497799999999,7820.0418,24,34,6,0,3310.6965818749172,85,2526.715369674918,-386.60599999999994,546.9999999999998,84.15,0,24,18,0,0,0,0
2017-10-26,6593.62,6358.448,24,28,5,0,2677.1277493050247,70,1982.3327573050249,-319.26200000000006,502,84.09,0,24,20,4,0,0,0
2017-10-27,3323.206599999999,3060.8312,10,13,2,0,1344.281062479967,32.5,1036.616957679967,-279.11539999999997,214.99999999999994,16.74,0,10,9,1,0,0,0
2017-10-28,4242.4466,4127.0006,17,21,4,0,1913.0883789702887,52.5,1423.6053615702886,-167.426,363.5,51.98000000000002,0,17,14,0,0,0,0
2017-10-29,6827.460000000002,6552.778,19,27,1,0,2544.1450692791104,67.5,1896.5145072791106,-316.23199999999997,449.5,41.55,0,19,11,1,0,0,0
2017-10-30,6387.7000000000035,6304.090000000001,17,27,2,0,2316.4382222203667,67.5,1772.0196122203665,-297.9,353.5,214.2899999999999,0,17,15,2,0,0,0
2017-10-31,7185.09,6787.832,24,30,2,0,2852.1608667094597,75,2124.31373870946,-440.768,522,13.51,0,24,17,2,0,0,0
2017-11-01,4162.3326,3908.3326,15,17,2,0,1617.651150278343,42.5,1186.709504878343,-276.8,312.5,22.8,0,15,11,3,0,0,0
2017-11-02,6653.3726,6138.7606,24,29,3,0,2716.0182525746086,72.5,2012.2941951746088,-543.2420000000001,517,23.63,-25,24,19,2,0,0,0
2017-11-03,5475.915200000001,4791.735199999999,16,24,9,0,2147.713644999219,60,1658.5533241992189,-765.73,343,81.55000000000008,0,16,13,1,0,0,0
2017-11-04,7356.804000000002,6643.836,16,29,9,0,2546.39855358484,72.5,2012.0273095848402,-774.998,333,62.03,0,16,12,4,0,0,0
2017-11-05,11603.1332,10754.969200000001,29,50,10,0,4396.729002302643,125,3470.334895502642,-1015.874,599.5,137.71,0,29,26,2,0,0,0
2017-11-06,6615.2366,6252.3666,24,29,5,0,2686.014965867219,72.5,1998.9963344672187,-468.3999999999999,497,75.52999999999996,0,24,22,1,0,0,0
2017-11-07,10202.22,8964.975999999999,31,41,9,0,3707.3761850050287,102.5,2799.5918810050284,-1267.2439999999995,635.5,0,0,31,27,3,0,0,0
2017-11-08,9439.109999999999,8221.744,24,37,10,0,3401.7518380029187,92.5,2660.2212620029186,-1135.9660000000001,491.99999999999994,80.26000000000002,-191.66,24,21,3,0,0,0
2017-11-09,5135.428,4913.408,18,22,4,0,1948.809496516297,55,1430.7206645162971,-292,369,69.97999999999996,0,18,16,2,0,0,0
2017-11-10,8325.604,7321.418000000003,22,32,7,0,2882.072642312747,80,2209.1515203127474,-1122.936,450.99999999999994,118.75,0,22,18,3,0,0,0
2017-11-11,2980.736,2577.142,9,12,3,0,1065.262095970481,30,802.4249779704809,-457.0740000000001,184.5,23.48,0,9,8,1,0,0,0
2017-11-12,5419.05,5230.05,19,22,2,0,2094.9577556262425,55,1547.1863056262423,-248.99999999999997,389.5,0,0,19,18,1,0,0,0
2017-11-13,11275.22,9536.114000000001,27,42,9,0,3960.744816983182,105,3118.097510983182,-1655.3660000000002,553.5,82.36,-166.1,27,27,0,0,0,0
2017-11-14,3495.640000000001,3365.824,12,14,0,0,1309.7648714666657,35,961.9559754666656,-196.12600000000003,246,66.30999999999993,0,12,12,0,0,0,0
